employee_id,first_name,last_name,date_of_birth,region_id,city_id,street_id,houseNr_id,date_of_employment,salary
0,pan,Norbert,1976-03-23,0,0,0,0,2014-12-21,3700
1,Pawe³,Jaszczur,1972-08-27,1,1,1,1,2019-01-28,3700
2,pani,Dorota,1963-05-03,2,2,2,2,2015-04-30,3700
3,Wiktor,Pacyga,1997-12-13,3,3,3,3,2016-08-21,3600
4,pani,Sara,1975-06-28,4,4,4,4,2016-09-25,3100
5,Tomasz,Sza³ata,2000-08-18,5,5,5,5,2019-04-07,2600
6,Gabriel,Pieczyrak,1959-07-02,6,6,6,6,2010-08-01,2700
7,pan,Tomasz,1970-12-05,7,7,7,7,2013-08-11,2000
8,Eryk,Morcinek,1981-01-13,8,8,8,8,2010-05-10,3700
9,Sebastian,Sadowy,1989-09-26,9,9,9,9,2010-09-05,2500
10,pani,Monika,1971-05-17,10,10,10,10,2012-05-07,2600
11,Konstanty,Rejmer,1982-03-30,11,11,11,11,2011-01-13,4300
12,Konstanty,Chodak,1971-01-14,12,12,12,12,2012-10-03,3300
13,Tola,Berus,1980-03-24,13,13,13,13,2011-10-28,4100
14,Urszula,Fiutak,1985-05-08,14,14,14,14,2010-08-30,2100
15,Sonia,Czupryn,1974-08-07,15,15,15,15,2016-05-21,3400
16,Fabian,Koj,1968-05-08,0,0,16,16,2016-10-11,3400
17,pan,Pawe³,1999-05-09,1,1,17,17,2013-04-07,3400
18,Damian,Moroñ,1976-05-29,2,2,18,18,2018-10-10,3500
19,Janina,Moskalik,1982-04-30,3,3,19,19,2011-09-22,2200
20,Dominik,Kalarus,1967-02-16,4,4,20,20,2019-03-19,2900
21,pani,Sara,1987-12-18,5,5,21,21,2013-07-26,4100
22,pan,Alex,1963-07-26,6,6,22,22,2015-06-19,3000
23,pani,Anna,2000-10-31,7,7,23,23,2011-10-15,3300
24,Bartek,Pyrkosz,1980-08-30,8,8,24,24,2015-08-08,3200
25,Kajetan,Roch,1986-04-15,9,9,25,25,2014-11-10,3400
26,Klara,£usiak,1980-11-02,10,10,26,26,2015-02-22,2800
27,Julianna,Ziemkiewicz,1973-06-02,11,11,27,27,2015-12-17,2000
28,El¿bieta,Prawdzik,1976-01-02,12,12,28,28,2019-06-24,3300
29,Ró¿a,Tereszkiewicz,1971-08-04,13,13,29,29,2010-12-09,2200
30,Krystyna,Putek,1995-10-14,14,14,30,30,2013-03-09,2800
31,Marcin,Malcher,1964-05-05,15,15,31,31,2014-02-03,2300
32,Dorota,Zagozda,1960-07-17,0,0,32,32,2014-01-23,2900
33,pan,Eryk,1959-07-24,1,1,33,33,2010-10-12,3400
34,Ignacy,Budner,1958-03-09,2,2,34,34,2014-07-03,4000
35,Kamil,Budzeñ,1984-10-31,3,3,35,35,2018-02-07,2700
36,pan,Alex,1990-06-15,4,4,36,36,2018-03-26,3100
37,Kamil,Krekora,1990-06-15,5,5,37,37,2014-08-22,3700
38,pani,Melania,1983-12-12,6,6,38,38,2012-01-24,2200
39,Oskar,Ksiê¿yk,1961-04-24,7,7,39,39,2018-01-14,3000
40,Robert,Ficner,1960-09-21,8,8,40,40,2015-06-29,3400
41,pani,Kalina,1960-03-05,9,9,41,41,2016-06-23,4300
42,Kamila,Mitoraj,1984-07-27,10,10,42,42,2013-12-04,3500
43,Natasza,Pi¹tkiewicz,1990-10-02,11,11,43,43,2010-03-03,2700
44,Jeremi,Kunda,1997-08-16,12,12,44,44,2013-03-01,2400
45,Krzysztof,Ja³owiec,1973-05-26,13,13,45,45,2019-06-25,2400
46,Dagmara,Senator,1964-06-21,14,14,46,46,2015-01-23,2200
47,Witold,Dulas,1986-05-23,15,15,47,47,2016-09-03,2100
48,pani,Lidia,1982-11-21,0,0,48,48,2013-10-31,3600
49,Witold,Du³ak,1971-08-12,1,1,49,49,2013-02-19,2200
50,Jan,Dziczek,1991-06-12,2,2,50,50,2012-10-11,3300
51,pan,Sebastian,1967-12-06,3,3,51,51,2015-07-02,3200
52,pani,Sonia,1975-08-17,4,4,52,52,2019-08-25,2800
53,Lidia,Zaucha,1978-02-20,5,5,53,53,2015-05-01,4100
54,Oskar,Dryga³a,1978-05-10,6,6,54,54,2018-03-03,2400
55,Mateusz,Olas,1980-06-01,7,7,55,55,2018-02-20,3900
56,pani,Monika,1957-09-01,8,8,56,56,2011-07-10,3100
57,Janina,Sadlik,1990-10-03,9,9,57,57,2018-07-22,3700
58,Kornelia,Wyroœlak,1972-10-12,10,10,58,58,2016-08-22,3500
59,Tymoteusz,S³aba,1970-10-27,11,11,59,59,2017-12-23,2500
60,Jan,S³obodzian,1974-07-04,12,12,60,60,2015-06-02,2600
61,Marika,Ta³aj,1963-08-08,13,13,61,61,2010-09-10,3100
62,Andrzej,Cierpka,1984-10-12,14,14,62,62,2010-10-17,2500
63,Jan,Zawiasa,1984-01-01,15,15,63,63,2018-03-04,3200
64,Julian,Fal,1986-06-25,0,0,64,64,2015-06-13,2300
65,pan,Albert,1973-07-28,1,1,65,65,2018-12-11,4300
66,Olga,Huczko,1969-05-21,2,2,66,66,2015-03-22,2100
67,Maciej,Mueller,1968-08-12,3,3,67,67,2011-11-07,2200
68,Cezary,Koterba,1999-09-08,4,4,68,68,2018-02-25,2400
69,Fabian,Rejmak,1995-08-19,5,5,69,69,2015-06-30,3300
70,pan,Józef,1965-12-14,6,6,70,70,2015-01-23,2700
71,pan,Szymon,1962-02-22,7,7,71,71,2015-08-12,4100
72,Artur,Stefankiewicz,2002-03-02,8,8,72,72,2011-03-11,3600
73,pani,Liwia,2004-04-30,9,9,73,73,2019-04-11,4200
74,pan,Kornel,1977-03-15,10,10,74,74,2010-05-17,2000
75,Oliwier,Szurek,1992-10-17,11,11,75,75,2014-10-31,2900
76,pani,Anna,1963-09-03,12,12,76,76,2012-09-06,2500
77,Anita,Jarema,1960-08-02,13,13,77,77,2012-05-05,2700
78,pan,Natan,1966-08-16,14,14,78,78,2013-07-21,3600
79,Kazimierz,Baumgart,1982-11-03,15,15,79,79,2013-05-23,3400
80,Eliza,Czapiga,1964-02-09,0,0,80,80,2019-05-17,2400
81,Marcel,Tylka,1959-08-30,1,1,81,81,2016-06-09,4400
82,pan,Marcin,1978-04-13,2,2,82,82,2012-07-25,2200
83,pani,Ada,1978-02-06,3,3,83,83,2014-03-19,2700
84,pan,Ernest,1988-02-29,4,4,84,84,2014-11-03,3500
85,Ida,Dudkowiak,1958-05-15,5,5,85,85,2019-04-07,4100
86,Sonia,Wojtoñ,1991-01-23,6,6,86,86,2010-05-25,3500
87,Olga,Œcibior,1975-07-11,7,7,87,87,2012-01-23,2100
88,Tola,Kiciak,1976-06-29,8,8,88,88,2018-08-13,2300
89,pan,Aleks,1992-07-22,9,9,89,89,2014-12-27,2900
90,Emil,Wêgier,1991-11-27,10,10,90,90,2017-03-12,3200
91,pani,Ewelina,1960-03-09,11,11,91,91,2012-02-25,2500
92,Cezary,Zygu³a,2001-01-29,12,12,92,92,2011-03-20,4100
93,Miko³aj,Pawela,1962-09-30,13,13,93,93,2015-03-04,3800
94,pan,Olgierd,1974-07-15,14,14,94,94,2015-08-03,2100
95,Cyprian,Smyl,1974-02-06,15,15,95,95,2013-10-25,4200
96,Mateusz,Krysta,1988-10-08,0,0,96,96,2015-06-06,3600
97,Wiktor,Hubert,1987-03-23,1,1,97,97,2010-03-25,2200
98,Iwo,Lizurej,1999-05-23,2,2,98,98,2013-05-15,3400
99,Kajetan,Kuliberda,1969-01-15,3,3,99,99,2010-11-02,2200
100,Eliza,Baumgart,1995-06-21,4,4,100,100,2018-11-30,2200
101,Tola,Naczk,1990-02-08,5,5,101,101,2014-05-17,2700
102,Norbert,Sorbian,1986-09-25,6,6,102,102,2019-04-01,4300
103,Gabriel,Czerepak,1998-05-01,7,7,103,103,2014-04-30,4000
104,pani,Nela,1957-12-07,8,8,104,104,2017-05-15,4000
105,Lidia,Kik,1970-10-08,9,9,105,105,2012-10-09,2200
106,Oliwier,Kubrak,1985-03-01,10,10,106,106,2019-08-22,4200
107,Monika,Parda,2002-12-14,11,11,107,107,2012-01-30,3100
108,Józef,Molka,1998-11-06,12,12,108,108,2014-07-18,2300
109,Kazimierz,Kwapisiewicz,1982-08-01,13,13,109,109,2013-09-07,2100
110,pan,Filip,2000-07-05,14,14,110,110,2016-04-23,2900
111,Marianna,Saternus,2002-04-11,15,15,111,111,2017-01-06,2100
112,Natan,Gierat,1971-09-12,0,0,112,112,2018-12-27,3500
113,Bartek,Mazek,1985-09-17,1,1,113,113,2012-10-16,3000
114,Anita,Rudyk,1981-12-25,2,2,114,114,2011-05-05,2900
115,Jakub,Kanik,1980-10-29,3,3,115,115,2019-11-21,2900
116,Tymoteusz,Zadworny,1966-01-27,4,4,116,116,2012-11-21,2200
117,Tomasz,Bobryk,1968-03-12,5,5,117,117,2014-09-26,3600
118,£ukasz,Wid³ak,1986-08-07,6,6,118,118,2015-10-15,3000
119,pani,Ewelina,1987-07-26,7,7,119,119,2015-01-28,3000
120,Marika,Byra,2000-11-23,8,8,120,120,2015-05-31,4400
121,Igor,Drgas,1994-08-29,9,9,121,121,2013-01-13,3900
122,£ukasz,Kowaluk,1990-07-09,10,10,122,122,2018-01-08,2100
123,Szymon,Zegar,1995-04-15,11,11,123,123,2014-02-12,2500
124,Ada,Dziczek,1992-04-10,12,12,124,124,2011-06-09,3800
125,Dawid,Ceg³a,1992-11-21,13,13,125,125,2014-03-22,3300
126,pan,Rados³aw,1969-05-13,14,14,126,126,2010-10-28,2300
127,Aleks,Demiañczuk,1991-06-14,15,15,127,127,2011-07-08,3900
128,Jakub,Szyma³a,1976-11-10,0,0,128,128,2014-03-30,3300
129,Norbert,Cydzik,1990-03-08,1,1,129,129,2012-12-27,2000
130,Aniela,Siara,1965-09-09,2,2,130,130,2017-06-04,4200
131,pan,Marcin,1999-02-08,3,3,131,131,2018-12-04,3900
132,Daniel,Sowa³a,1984-08-02,4,4,132,132,2019-03-20,3900
133,Pawe³,Bembenek,1966-04-02,5,5,133,133,2012-01-24,3000
134,pan,Oskar,1984-05-30,6,6,134,134,2016-09-08,3000
135,Rozalia,Smyl,2001-12-03,7,7,135,135,2011-05-24,2900
136,Rozalia,Mas³oñ,1987-11-01,8,8,136,136,2011-10-27,3800
137,Cyprian,Sondej,1960-11-21,9,9,137,137,2014-11-22,4300
138,Stanis³aw,Cop,1982-10-19,10,10,138,138,2014-09-18,3900
139,Ida,Brodawka,1991-05-27,11,11,139,139,2014-09-20,3600
140,Nikodem,Gruza,1996-06-05,12,12,140,140,2019-01-10,3600
141,Rozalia,Gamrat,1978-03-29,13,13,141,141,2019-04-19,3800
142,Kornelia,Stanis³awczyk,1971-07-31,14,14,142,142,2012-04-13,3100
143,Agnieszka,Walo,1996-07-24,15,15,143,143,2017-03-27,2800
144,pan,Maurycy,1982-12-18,0,0,144,144,2015-09-14,4100
145,Marcel,Parzyszek,1995-10-28,1,1,145,145,2017-05-22,3400
146,Artur,D¹browicz,1983-03-09,2,2,146,146,2010-01-19,2100
147,Ró¿a,Witko,1997-04-01,3,3,147,147,2018-05-18,2800
148,Gaja,Wzi¹tek,2001-02-15,4,4,148,148,2012-07-02,3800
149,Tomasz,Rezmer,1970-06-01,5,5,149,149,2019-08-25,2400
150,pani,Roksana,1983-11-02,6,6,150,150,2011-01-27,3900
151,Rados³aw,Skoneczna,1982-06-16,7,7,151,151,2014-09-10,3600
152,Melania,Czêœcik,1986-12-19,8,8,152,152,2016-09-05,2100
153,pani,Sylwia,1981-12-24,9,9,153,153,2013-03-10,2300
154,Alan,PrzewoŸnik,1988-01-24,10,10,154,154,2015-05-18,2300
155,pan,Juliusz,1979-06-08,11,11,155,155,2019-01-09,4000
156,pani,Liwia,1980-07-10,12,12,156,156,2011-04-22,2800
157,Wojciech,Kosz,1978-12-15,13,13,157,157,2013-04-19,3300
158,Rados³aw,Zaraœ,1968-06-14,14,14,158,158,2017-05-17,2600
159,pan,Cezary,1999-06-25,15,15,159,159,2014-08-29,3200
160,pani,Urszula,1997-06-11,0,0,160,160,2016-11-26,3500
161,Dariusz,£usiak,2000-09-13,1,1,161,161,2016-02-24,3800
162,Bianka,Parafiniuk,1963-01-03,2,2,162,162,2015-04-08,3900
163,Stefan,Sapa,1967-04-07,3,3,163,163,2019-11-04,4200
164,pan,Krzysztof,2004-06-12,4,4,164,164,2011-06-26,2700
165,Albert,Golus,1976-07-11,5,5,165,165,2015-10-17,4000
166,Adam,Faryna,1962-11-07,6,6,166,166,2019-07-09,4400
167,Ernest,Sz³apa,1972-04-26,7,7,167,167,2012-02-02,2500
168,pani,Sylwia,1977-07-09,8,8,168,168,2011-06-21,2900
169,pan,Franciszek,1984-05-23,9,9,169,169,2019-04-26,2500
170,Pawe³,Bia³ka,1964-09-27,10,10,170,170,2014-06-05,2800
171,£ukasz,£uksza,1989-07-04,11,11,171,171,2017-03-12,3400
172,pan,Tymoteusz,1985-05-03,12,12,172,172,2012-06-14,4300
173,pani,Angelika,2003-06-16,13,13,173,173,2016-04-09,4100
174,Aurelia,PrzewoŸny,1992-03-10,14,14,174,174,2016-09-11,3000
175,Nataniel,Fryœ,1979-03-12,15,15,175,175,2017-12-22,2200
176,Oliwier,Pos³uszny,2002-01-16,0,0,176,176,2011-05-11,2300
177,Igor,Nestorowicz,1968-05-03,1,1,177,177,2019-09-27,2900
178,Józef,Mesjasz,1983-08-24,2,2,178,178,2011-05-21,2000
179,Blanka,Nicewicz,1994-03-06,3,3,179,179,2012-10-20,4000
180,pani,Lidia,1966-01-11,4,4,180,180,2018-01-03,3900
181,Aniela,Supernak,1961-11-10,5,5,181,181,2017-07-10,4100
182,Arkadiusz,Forma,1977-05-01,6,6,182,182,2010-07-07,4100
183,Tola,Madera,1970-09-03,7,7,183,183,2011-05-13,2100
184,Adrianna,Kandziora,1970-01-26,8,8,184,184,2019-12-07,3300
185,Konstanty,Garncarek,1995-01-09,9,9,185,185,2012-06-14,3800
186,Eryk,Haraburda,1986-09-21,10,10,186,186,2019-05-15,3300
187,pan,Maurycy,1970-06-18,11,11,187,187,2013-09-15,2200
188,pan,Mieszko,1962-02-15,12,12,188,188,2019-11-19,3200
189,Adrianna,Sopata,2004-10-11,13,13,189,189,2011-05-31,3700
190,Mariusz,£apot,1983-08-13,14,14,190,190,2014-03-17,4100
191,pan,Cyprian,1959-06-04,15,15,191,191,2010-03-28,2400
192,Ignacy,Dyszkiewicz,1999-06-17,0,0,192,192,2017-06-25,2800
193,Dariusz,Brz¹ka³a,1966-04-12,1,1,193,193,2012-04-18,4000
194,pani,Natasza,1980-12-12,2,2,194,194,2017-04-17,2600
195,£ukasz,Ma³ota,1972-04-15,3,3,195,195,2018-12-17,2900
196,Franciszek,Wdowczyk,1985-09-12,4,4,196,196,2011-09-20,2400
197,Rados³aw,Tyma,1960-07-06,5,5,197,197,2018-08-02,3900
198,pani,Kalina,1991-08-16,6,6,198,198,2017-03-19,2700
199,Julian,Parda,1970-09-29,7,7,199,199,2016-05-21,3800
200,Filip,Smolorz,1967-06-15,8,8,200,200,2012-02-02,3900
201,Juliusz,Kloska,1974-10-11,9,9,201,201,2018-06-16,4000
202,pan,Emil,1971-07-24,10,10,202,202,2011-08-14,3300
203,Tadeusz,Waraksa,1962-12-06,11,11,203,203,2018-11-06,4200
204,pani,Angelika,1967-04-15,12,12,204,204,2010-04-05,2600
205,Konstanty,Trawka,1986-01-04,13,13,205,205,2018-10-27,3900
206,Arkadiusz,Matyjaszek,1961-06-07,14,14,206,206,2019-08-20,4300
207,Ró¿a,Ma³ocha,1965-06-25,15,15,207,207,2017-10-03,4100
208,pan,Kacper,1967-08-27,0,0,208,208,2011-10-16,2900
209,Ewa,K³ósek,1969-03-22,1,1,209,209,2018-06-21,2400
210,Dorota,Romañczyk,1981-02-21,2,2,210,210,2010-03-14,3400
211,Janina,Stempin,1978-11-25,3,3,211,211,2017-01-13,3200
212,Tadeusz,Tokarek,1989-04-10,4,4,212,212,2012-01-29,2600
213,Apolonia,Witas,1968-01-27,5,5,213,213,2011-01-24,3800
214,Mateusz,Krzeszowiec,2003-07-14,6,6,214,214,2011-01-08,2000
215,Fabian,Wajer,1963-04-01,7,7,215,215,2013-08-17,4100
216,Witold,Juras,1999-05-23,8,8,216,216,2013-12-19,3800
217,Alan,Znojek,1966-07-03,9,9,217,217,2011-08-26,2000
218,Patryk,Kurda,1985-01-04,10,10,218,218,2012-01-09,2400
219,Maurycy,Gierak,1975-09-19,11,11,219,219,2016-10-20,2300
220,Sara,Zegar,1997-07-12,12,12,220,220,2013-07-12,3900
221,Jeremi,Ryczko,1991-12-26,13,13,221,221,2013-02-19,2000
222,Jakub,Pasierbek,1998-03-05,14,14,222,222,2018-06-18,3500
223,pan,Ignacy,1978-12-22,15,15,223,223,2017-08-25,3100
224,Urszula,Latko,1996-01-29,0,0,224,224,2017-06-16,2000
225,Adam,Tokaj,1981-11-25,1,1,225,225,2013-07-10,4100
226,Aleksander,Szko³a,1966-11-02,2,2,226,226,2012-06-20,3800
227,pani,Eliza,1960-07-06,3,3,227,227,2010-07-02,3500
228,Eryk,Rajman,1995-07-12,4,4,228,228,2019-06-14,4300
229,Dominik,Matura,1983-01-03,5,5,229,229,2017-12-04,2300
230,Natan,Bulanda,1991-08-19,6,6,230,230,2019-12-24,2200
231,Agnieszka,Klemens,1971-10-05,7,7,231,231,2013-07-05,3100
232,Andrzej,Obuchowicz,1996-09-24,8,8,232,232,2014-09-04,2100
233,Franciszek,S³aba,1959-08-17,9,9,233,233,2016-06-08,2000
234,Grzegorz,Korzeniak,1986-07-23,10,10,234,234,2015-07-09,3300
235,Inga,Kazana,1966-05-22,11,11,235,235,2013-08-23,3100
236,Przemys³aw,Szambelan,1964-07-18,12,12,236,236,2011-07-10,3700
237,Cyprian,Piercha³a,1995-01-30,13,13,237,237,2014-09-08,3000
238,Albert,Matyjas,1963-05-07,14,14,238,238,2014-09-23,2900
239,pan,Mateusz,1998-07-29,15,15,239,239,2017-12-14,2500
240,Cezary,Hrabia,1976-05-22,0,0,240,240,2019-03-10,2200
241,Arkadiusz,Penkala,1967-09-06,1,1,241,241,2014-07-14,4200
242,Anastazja,Dzwonnik,1963-06-29,2,2,242,242,2013-05-17,3700
243,pan,Andrzej,1958-11-19,3,3,243,243,2011-09-28,3200
244,pani,Apolonia,1995-06-09,4,4,244,244,2014-08-17,2300
245,Wiktor,Macha,1996-05-07,5,5,245,245,2015-08-16,3500
246,pani,Ida,1964-09-02,6,6,246,246,2017-03-24,2800
247,Piotr,Och,2004-06-06,7,7,247,247,2015-05-01,2000
248,Kornel,Nawój,1982-03-11,8,8,248,248,2019-12-30,3300
249,Jeremi,Granat,1984-06-26,9,9,249,249,2017-12-10,2700
250,Leon,Friedrich,1957-10-10,10,10,250,250,2010-08-15,4200
251,Liwia,Kluj,1969-10-23,11,11,251,251,2014-05-24,4100
252,El¿bieta,Calik,1975-06-03,12,12,252,252,2015-02-12,4100
253,Kamila,Wincenciak,1975-03-26,13,13,253,253,2014-01-23,3600
254,Piotr,Helman,1970-04-16,14,14,254,254,2019-09-16,3100
255,Kornel,Koœciesza,1989-11-03,15,15,255,255,2012-06-06,3400
256,Alan,Jêdruch,1991-03-11,0,0,256,256,2011-07-18,3400
257,Blanka,Radke,1968-05-07,1,1,257,257,2017-11-07,2300
258,pani,Karina,2003-10-14,2,2,258,258,2016-11-02,4000
259,Konrad,Jachimczak,1983-04-28,3,3,259,259,2012-04-22,4000
260,Bartek,Kubaczyk,1961-07-17,4,4,260,260,2014-11-16,3400
261,pan,Dominik,1957-01-18,5,5,261,261,2018-04-04,3900
262,B³a¿ej,Dumin,1959-06-08,6,6,262,262,2012-05-08,2300
263,B³a¿ej,Dzia³a,1982-05-21,7,7,263,263,2019-09-24,2000
264,Eryk,Stoltmann,1959-09-23,8,8,264,264,2018-03-12,4400
265,Marcelina,£yczak,2003-03-06,9,9,265,265,2016-03-19,2600
266,Ada,Puch,2004-03-01,10,10,266,266,2019-04-30,2300
267,pani,Blanka,1963-04-23,11,11,267,267,2013-08-09,3600
268,pani,Angelika,1958-01-04,12,12,268,268,2010-10-24,2200
269,Cezary,Nagórka,1983-05-18,13,13,269,269,2017-09-24,3000
270,Anna,Maria,1999-07-24,14,14,270,270,2013-06-03,4100
271,Rados³aw,Elwart,1972-07-22,15,15,271,271,2012-05-12,3000
272,Roksana,Furmankiewicz,1998-01-10,0,0,272,272,2015-11-09,4400
273,Olga,Feliksiak,1986-08-23,1,1,273,273,2018-07-24,2300
274,Arkadiusz,Bartkowicz,1967-05-16,2,2,274,274,2016-10-21,3900
275,pani,Janina,1984-11-27,3,3,275,275,2017-07-29,2600
276,pani,Klara,1965-12-17,4,4,276,276,2011-11-17,2600
277,pan,Filip,1982-07-24,5,5,277,277,2017-02-15,3400
278,Marek,Kusek,1976-03-15,6,6,278,278,2014-02-24,3000
279,pan,Fabian,1996-07-14,7,7,279,279,2011-05-14,3600
280,Karol,Bugiel,1992-01-28,8,8,280,280,2019-04-10,2000
281,pan,Leonard,1993-02-18,9,9,281,281,2014-07-29,2500
282,Marcin,Œcieszka,1970-04-27,10,10,282,282,2014-02-17,3100
283,Miko³aj,Maciejewicz,2004-08-09,11,11,283,283,2018-09-03,3300
284,Jêdrzej,Feliniak,1979-03-25,12,12,284,284,2013-05-25,4300
285,Maurycy,P³ocharczyk,1989-03-01,13,13,285,285,2017-02-23,3100
286,Agnieszka,Burnat,2000-11-09,14,14,286,286,2014-09-07,2700
287,Micha³,Wawrzyk,1978-11-28,15,15,287,287,2013-05-18,3600
288,pan,Maksymilian,1990-01-26,0,0,288,288,2012-04-22,3100
289,Angelika,Obarzanek,1989-05-02,1,1,289,289,2011-03-02,3200
290,Janina,Ziniewicz,1958-01-04,2,2,290,290,2018-02-16,3800
291,pan,Maciej,1973-09-09,3,3,291,291,2011-06-28,4100
292,Konstanty,Szyndler,1973-02-18,4,4,292,292,2012-05-06,2900
293,Patryk,Wik³o,1958-12-01,5,5,293,293,2011-02-15,2200
294,Mateusz,Indyk,1994-01-02,6,6,294,294,2018-09-14,2500
295,Sara,Rohde,1988-03-08,7,7,295,295,2016-09-27,2900
296,Patryk,Fularczyk,2003-07-27,8,8,296,296,2015-06-16,3300
297,Antoni,Matusewicz,1975-07-05,9,9,297,297,2014-06-19,3100
298,Justyna,S³omian,1992-03-14,10,10,298,298,2016-05-28,3200
299,Maciej,Sapa,1969-07-19,11,11,299,299,2010-04-12,2600
300,Fabian,Zdobylak,1975-03-23,12,12,300,300,2016-02-24,2900
301,Leonard,Nitek,1958-07-03,13,13,301,301,2019-12-09,3100
302,pani,Julita,1971-04-02,14,14,302,302,2010-01-06,3400
303,Cezary,Bosek,1973-12-30,15,15,303,303,2019-10-14,3600
304,Janina,Bruzda,1987-06-16,0,0,304,304,2017-05-13,4400
305,Daniel,Pupek,1971-05-31,1,1,305,305,2013-07-07,4200
306,Jacek,Zajko,1962-01-21,2,2,306,306,2018-07-02,3600
307,pani,Tola,1998-11-09,3,3,307,307,2015-05-11,4200
308,Tobiasz,Blank,1983-10-06,4,4,308,308,2016-07-11,3800
309,Grzegorz,Bia³ous,1971-07-17,5,5,309,309,2018-10-13,2400
310,pani,Sylwia,2001-12-21,6,6,310,310,2011-11-04,2800
311,Lidia,Budniak,1965-04-21,7,7,311,311,2016-07-19,4400
312,Nicole,Dzika,1985-02-25,8,8,312,312,2012-03-31,3500
313,Ewa,Bubak,1962-02-12,9,9,313,313,2017-11-04,4300
314,Kacper,Czuj,1978-02-15,10,10,314,314,2019-04-10,2500
315,Mi³osz,Tylus,1966-09-24,11,11,315,315,2018-09-30,3000
316,Apolonia,Pilarek,1985-11-07,12,12,316,316,2015-03-10,3700
317,Juliusz,Rusiniak,1984-11-30,13,13,317,317,2011-08-27,3000
318,pani,Sandra,1989-02-27,14,14,318,318,2019-10-01,3700
319,Jakub,Halik,1979-06-13,15,15,319,319,2017-04-24,3100
320,pan,Tomasz,1995-03-02,0,0,320,320,2017-01-17,2200
321,pani,Marika,1977-03-20,1,1,321,321,2011-08-19,2100
322,Dariusz,Kosa³ka,2000-03-21,2,2,322,322,2017-11-13,4300
323,Natan,Drobot,1981-10-27,3,3,323,323,2018-09-09,3700
324,Mieszko,Stêpka,1957-07-15,4,4,324,324,2017-05-03,3500
325,pani,Kaja,1959-01-05,5,5,325,325,2014-12-09,2900
326,Emil,Roch,1966-11-23,6,6,326,326,2018-04-28,3500
327,pani,Ewelina,1987-12-14,7,7,327,327,2019-03-16,4400
328,Norbert,M³otek,1972-08-19,8,8,328,328,2016-01-02,3000
329,pani,El¿bieta,1960-12-19,9,9,329,329,2019-04-17,4400
330,pani,Anastazja,1975-10-05,10,10,330,330,2019-10-24,2800
331,Jan,Kliszcz,2004-02-16,11,11,331,331,2016-08-11,4100
332,Karol,Chaba,1993-09-01,12,12,332,332,2015-12-29,3100
333,Juliusz,Krystkowiak,1980-08-02,13,13,333,333,2012-08-19,2700
334,pani,Marika,1976-10-11,14,14,334,334,2012-12-10,3700
335,Fryderyk,Kupidura,1961-03-04,15,15,335,335,2013-08-05,2400
336,Grzegorz,Pazo³a,1957-04-24,0,0,336,336,2015-04-30,2200
337,Oskar,Dziadura,1992-10-23,1,1,337,337,2018-06-07,2400
338,pan,Adrian,1964-07-11,2,2,338,338,2016-07-08,4200
339,Jacek,Barej,1995-03-05,3,3,339,339,2016-02-11,2000
340,Aniela,Szwa³ek,1970-07-18,4,4,340,340,2013-07-22,4400
341,Nikodem,Miodek,1976-06-24,5,5,341,341,2014-11-21,2500
342,pan,Witold,1971-08-18,6,6,342,342,2016-05-17,3300
343,Tadeusz,Karpiak,1994-06-24,7,7,343,343,2011-07-19,2500
344,Aleksander,Komuda,1974-12-01,8,8,344,344,2010-10-07,2600
345,pani,Olga,1960-09-12,9,9,345,345,2019-12-09,2600
346,pani,Agnieszka,1959-01-21,10,10,346,346,2010-04-11,3600
347,pan,Artur,1958-11-07,11,11,347,347,2010-12-24,2400
348,Olga,Bia³k,1957-11-29,12,12,348,348,2015-12-28,2400
349,Tadeusz,Filusz,1998-09-03,13,13,349,349,2018-07-08,4100
350,Szymon,Mainka,1970-07-25,14,14,350,350,2018-08-09,2400
351,Norbert,Was¹¿nik,1994-12-29,15,15,351,351,2014-07-30,2800
352,Miko³aj,Sosnówka,1992-01-09,0,0,352,352,2013-02-16,4400
353,Adam,Szurek,1957-10-27,1,1,353,353,2011-06-16,3400
354,Wiktor,Pieszak,1996-01-17,2,2,354,354,2017-03-15,3900
355,pani,Kalina,1986-09-20,3,3,355,355,2010-03-28,2700
356,Melania,Korab,1983-10-12,4,4,356,356,2015-12-15,3500
357,Nataniel,Heba,1999-12-17,5,5,357,357,2017-03-03,3600
358,pani,Inga,1980-08-01,6,6,358,358,2013-08-26,3200
359,Sonia,Mikoda,1968-06-24,7,7,359,359,2017-05-24,3300
360,Tadeusz,Korpal,1967-05-02,8,8,360,360,2017-01-02,2000
361,pan,Patryk,2004-10-04,9,9,361,361,2017-03-19,4300
362,pan,Dariusz,1995-12-10,10,10,362,362,2019-01-06,3000
363,pani,Kaja,1989-06-29,11,11,363,363,2019-07-12,3900
364,Eliza,Zackiewicz,1980-06-26,12,12,364,364,2012-05-14,3300
365,pan,£ukasz,1967-12-02,13,13,365,365,2012-07-09,3500
366,Maks,Dering,1968-11-11,14,14,366,366,2010-04-09,2600
367,Tomasz,Grotek,1978-09-10,15,15,367,367,2013-11-28,2900
368,pan,Natan,1991-08-06,0,0,368,368,2019-11-04,3200
369,Tola,Jaroszuk,1960-01-07,1,1,369,369,2014-05-09,3300
370,Kornel,Dmoch,1993-05-01,2,2,370,370,2011-12-16,2100
371,pani,Dorota,1961-03-28,3,3,371,371,2015-11-17,4000
372,Damian,Glica,1967-02-23,4,4,372,372,2014-04-22,2100
373,pani,Kamila,1967-06-26,5,5,373,373,2010-06-01,2600
374,Urszula,Stawinoga,1985-01-21,6,6,374,374,2010-03-03,4400
375,Klara,Cyrek,1977-05-26,7,7,375,375,2019-01-27,3000
376,pan,Nataniel,2002-05-26,8,8,376,376,2018-02-25,4200
377,Jan,Jakubiuk,1969-06-26,9,9,377,377,2012-07-03,4000
378,Grzegorz,Kozar,1992-05-20,10,10,378,378,2017-09-25,2800
379,Oskar,Kubisz,2004-06-20,11,11,379,379,2019-05-16,3200
380,pani,Marika,1997-12-30,12,12,380,380,2011-02-11,3200
381,pan,Kamil,1978-01-02,13,13,381,381,2010-06-27,3600
382,Adam,Wich³acz,1983-09-29,14,14,382,382,2018-09-03,4100
383,Damian,Waku³a,1993-08-24,15,15,383,383,2013-11-30,3400
384,Przemys³aw,GuŸniczak,1995-02-04,0,0,384,384,2016-02-10,4400
385,Micha³,Minkina,1961-07-19,1,1,385,385,2017-04-13,2600
386,Jeremi,Szpila,1977-11-12,2,2,386,386,2018-01-24,2000
387,Bartek,Wzi¹tek,1998-08-04,3,3,387,387,2019-10-23,2700
388,pan,Kazimierz,1979-07-23,4,4,388,388,2017-04-25,3900
389,Lidia,Banachowicz,1979-09-14,5,5,389,389,2010-05-23,3600
390,Antoni,Merda,1995-10-09,6,6,390,390,2014-07-05,2100
391,Lidia,K³osowicz,1969-10-26,7,7,391,391,2014-10-05,2900
392,Dawid,Duczmal,1993-08-26,8,8,392,392,2011-08-24,2000
393,Fryderyk,Malcharek,1972-03-27,9,9,393,393,2016-11-11,3700
394,Leon,Laszkiewicz,1987-07-31,10,10,394,394,2014-09-16,4000
395,Kamil,Glazer,1969-08-31,11,11,395,395,2016-10-03,3900
396,pan,Hubert,1963-08-12,12,12,396,396,2019-02-04,3100
397,pan,Jacek,1997-05-15,13,13,397,397,2015-05-27,4300
398,Malwina,Grupa,1971-11-27,14,14,398,398,2010-02-17,4300
399,Ewa,Miœko,2002-08-01,15,15,399,399,2018-08-06,2900
400,pan,Leon,1970-05-12,0,0,400,400,2017-03-29,4100
401,pani,Marianna,1967-09-22,1,1,401,401,2019-09-18,3600
402,Kaja,Rz¹ca,1965-11-14,2,2,402,402,2017-09-09,2500
403,Ksawery,Rduch,2000-07-01,3,3,403,403,2017-05-16,2600
404,Maurycy,Mordak,1962-05-16,4,4,404,404,2014-10-05,3600
405,Alex,Gasik,2002-06-19,5,5,405,405,2017-12-30,4100
406,Oskar,£aœ,1986-08-17,6,6,406,406,2010-03-09,2000
407,Gustaw,Szmelter,1988-04-10,7,7,407,407,2015-11-17,2000
408,Kamila,Szczap,1980-05-08,8,8,408,408,2011-03-26,2500
409,pan,Micha³,1987-04-05,9,9,409,409,2018-06-19,2600
410,Ernest,Indyka,1963-06-05,10,10,410,410,2015-12-22,2800
411,Iwo,Kubów,1958-07-20,11,11,411,411,2016-02-27,4200
412,Adrianna,Nazar,1992-02-08,12,12,412,412,2012-06-17,2600
413,pani,Ida,2004-10-10,13,13,413,413,2010-05-15,3700
414,Antoni,Mainka,1995-09-08,14,14,414,414,2016-03-28,4100
415,pan,Kornel,2001-03-15,15,15,415,415,2014-05-09,3000
416,pan,Juliusz,1965-08-10,0,0,416,416,2016-08-17,3300
417,B³a¿ej,Patora,1965-10-15,1,1,417,417,2011-10-29,3100
418,Nataniel,Kowala,1968-06-28,2,2,418,418,2014-06-25,3200
419,Mariusz,£ukowicz,1985-02-14,3,3,419,419,2016-04-29,3500
420,Rafa³,Kudlak,1987-08-18,4,4,420,420,2019-09-29,2100
421,Kazimierz,Turczyk,1996-09-22,5,5,421,421,2015-10-08,3700
422,Ignacy,Froñ,1984-12-31,6,6,422,422,2012-08-03,3300
423,Arkadiusz,To³oczko,2003-11-20,7,7,423,423,2014-10-06,3200
424,Ada,Krêgiel,1974-10-02,8,8,424,424,2012-10-05,2400
425,Marianna,Borczyk,1997-11-14,9,9,425,425,2013-02-07,2900
426,pani,Ada,2000-03-02,10,10,426,426,2015-02-06,2500
427,Mieszko,Block,1988-11-18,11,11,427,427,2018-01-20,2100
428,Kamila,Klatka,1977-07-02,12,12,428,428,2010-03-11,3200
429,Jacek,Chyb,1998-11-23,13,13,429,429,2013-07-11,2000
430,Nataniel,Miara,1997-02-05,14,14,430,430,2019-06-26,2600
431,pan,Albert,1984-09-10,15,15,431,431,2010-06-10,3800
432,Dagmara,Sibiga,1983-02-27,0,0,432,432,2010-06-10,4400
433,Sara,Maæczak,1992-10-21,1,1,433,433,2016-12-11,3000
434,pani,Marika,1996-05-25,2,2,434,434,2018-11-02,2000
435,Mateusz,Seweryniak,1996-08-14,3,3,435,435,2017-05-08,4100
436,Tymon,Maszczyk,1993-02-25,4,4,436,436,2017-06-23,4100
437,pan,Nikodem,1993-06-22,5,5,437,437,2017-12-28,3300
438,Marcelina,Gendera,1981-04-18,6,6,438,438,2011-12-10,4200
439,Anastazja,Karczmarek,1975-10-08,7,7,439,439,2019-03-19,2900
440,pan,Jakub,1979-11-28,8,8,440,440,2017-10-08,2000
441,Jacek,Hetmañczyk,1983-09-12,9,9,441,441,2014-03-01,3200
442,Sebastian,Januchta,1979-04-12,10,10,442,442,2015-11-12,3300
443,Albert,Kopa³a,1980-08-28,11,11,443,443,2011-07-20,3900
444,Ró¿a,Szajek,1987-10-16,12,12,444,444,2016-06-28,2200
445,Marcelina,Bereda,1977-07-08,13,13,445,445,2010-02-01,4200
446,Krystyna,Ga³aj,1972-12-12,14,14,446,446,2014-03-02,4300
447,Sandra,Letkiewicz,1957-03-15,15,15,447,447,2019-06-06,2300
448,pani,Dorota,1988-02-20,0,0,448,448,2011-07-23,2400
449,Marcelina,Pielech,2003-03-09,1,1,449,449,2011-05-21,3400
450,Ewelina,Zaucha,1968-05-25,2,2,450,450,2011-05-31,4100
451,Jerzy,Sobkiewicz,1965-01-19,3,3,451,451,2012-03-29,2100
452,Ewelina,Kleban,1993-08-29,4,4,452,452,2010-05-24,3700
453,pan,Tomasz,1981-06-04,5,5,453,453,2018-09-14,3600
454,Damian,Tyniec,1996-12-01,6,6,454,454,2014-08-28,2500
455,pan,Oskar,1971-02-27,7,7,455,455,2019-08-26,2100
456,Aleks,Osojca,1994-04-02,8,8,456,456,2012-09-08,4000
457,Olga,Jêdraszczyk,1964-01-01,9,9,457,457,2016-06-06,2000
458,Ida,Wochnik,1974-02-27,10,10,458,458,2015-04-13,3900
459,pani,Dorota,2003-08-14,11,11,459,459,2011-09-10,2200
460,Monika,Budzeñ,2001-04-10,12,12,460,460,2019-07-18,2600
461,Janina,Bork,1970-01-22,13,13,461,461,2012-03-17,2700
462,Przemys³aw,Janc,1993-12-15,14,14,462,462,2011-03-22,3200
463,Ernest,Rzucid³o,1969-03-28,15,15,463,463,2010-06-13,2300
464,Pawe³,Baœ,1992-09-14,0,0,464,464,2015-02-13,2400
465,Juliusz,Nieradzik,1997-01-16,1,1,465,465,2019-12-07,3900
466,Adrianna,S¹siadek,1997-01-24,2,2,466,466,2015-08-26,2000
467,Aleksander,Cyrek,1975-03-06,3,3,467,467,2016-08-02,3700
468,Ryszard,Solarek,1961-06-17,4,4,468,468,2012-12-16,2900
469,Damian,Kotala,2000-09-01,5,5,469,469,2016-06-07,2900
470,pan,Ryszard,1994-12-09,6,6,470,470,2013-11-02,3300
471,Alan,Wêgrzyniak,1981-05-10,7,7,471,471,2010-08-25,3700
472,Angelika,DroŸdziel,1986-05-04,8,8,472,472,2011-02-26,4400
473,Piotr,Siemieniec,1959-10-11,9,9,473,473,2010-07-28,2300
474,pan,Nikodem,1981-06-20,10,10,474,474,2016-04-26,3000
475,Blanka,Olearczyk,1963-11-21,11,11,475,475,2011-03-28,2400
476,pan,Jan,1995-01-10,12,12,476,476,2012-04-06,3500
477,pani,Monika,1987-05-22,13,13,477,477,2016-03-04,3500
478,Gaja,Dzienis,1959-05-29,14,14,478,478,2014-08-29,3000
479,Antoni,Andrys,1964-04-05,15,15,479,479,2012-05-03,2000
480,Aleks,Miêtka,1971-08-24,0,0,480,480,2016-04-24,2700
481,Mi³osz,Piechna,1991-10-21,1,1,481,481,2010-08-04,4400
482,pani,Aurelia,1988-04-28,2,2,482,482,2015-02-28,4300
483,Klara,Wielgo,1961-09-02,3,3,483,483,2011-09-16,2000
484,Micha³,Mendyka,1997-07-10,4,4,484,484,2011-10-20,3600
485,Rados³aw,Czapiga,1975-01-06,5,5,485,485,2013-03-02,2100
486,Jan,Kieloch,1978-08-11,6,6,486,486,2012-11-07,3900
487,pan,Oliwier,1990-01-20,7,7,487,487,2016-03-08,2200
488,Agnieszka,Dybaœ,1983-10-19,8,8,488,488,2011-07-24,2400
489,pani,Roksana,1961-07-31,9,9,489,489,2015-09-08,3000
490,Ewa,Bociek,1976-04-28,10,10,490,490,2019-03-02,2800
491,Tymon,Bytner,1971-06-14,11,11,491,491,2016-01-21,2300
492,Ryszard,Komperda,1996-02-04,12,12,492,492,2012-03-06,3200
493,Dariusz,Caba³a,1973-08-27,13,13,493,493,2019-08-05,3800
494,pan,Kamil,1980-06-10,14,14,494,494,2019-02-01,4000
495,Blanka,Kajdas,1999-09-18,15,15,495,495,2015-07-28,2200
496,pani,Marika,1988-12-22,0,0,496,496,2017-07-15,2600
497,Pawe³,Szara,1999-03-04,1,1,497,497,2016-04-29,3300
498,pan,Mariusz,1993-07-30,2,2,498,498,2012-04-17,2900
499,Stefan,Owsiak,1999-04-24,3,3,499,499,2019-02-13,3100
500,Eryk,Chodak,1993-03-19,4,4,500,500,2018-08-06,3200
501,Maks,Handzel,1972-02-18,5,5,501,501,2014-09-22,2400
502,Malwina,Tomys,1960-03-21,6,6,502,502,2012-12-28,2000
503,Adam,Kajstura,1968-08-28,7,7,503,503,2018-05-23,2900
504,pani,Anastazja,1989-05-27,8,8,504,504,2017-04-24,4300
505,Blanka,Wawak,1984-11-09,9,9,505,505,2012-01-28,3200
506,pani,Dagmara,1997-06-20,10,10,506,506,2015-03-02,3500
507,Marianna,Petrus,1962-06-24,11,11,507,507,2014-11-06,2600
508,Aurelia,Rucha³a,1959-01-09,12,12,508,508,2016-04-15,2800
509,Konrad,Rzeszut,1977-03-20,13,13,509,509,2018-05-02,3000
510,Sonia,Uss,1966-01-07,14,14,510,510,2010-09-12,2300
511,Hubert,Wajdzik,1957-12-16,15,15,511,511,2011-12-31,3900
512,Ignacy,£ukasz,1996-05-02,0,0,512,512,2015-08-05,2000
513,Norbert,P³ócienniczak,1975-07-13,1,1,513,513,2018-01-07,3700
514,Eliza,Matynia,2002-07-18,2,2,514,514,2014-08-28,4300
515,Antoni,Roczniak,1967-12-22,3,3,515,515,2013-12-17,2300
516,Adrianna,Jarmu³a,1961-10-27,4,4,516,516,2018-01-19,3900
517,Jacek,£aszczyk,1996-01-19,5,5,517,517,2011-12-06,3600
518,pani,Urszula,1996-12-12,6,6,518,518,2016-10-09,2000
519,Marcel,Rajtar,1988-03-13,7,7,519,519,2017-11-24,4200
520,Tymoteusz,Palica,2001-10-26,8,8,520,520,2012-03-16,2000
521,Rados³aw,Zastawny,1983-12-04,9,9,521,521,2015-06-26,3900
522,pani,Eliza,2004-07-02,10,10,522,522,2017-01-24,4400
523,Tymon,Rogula,1987-10-19,11,11,523,523,2011-10-08,2400
524,Marcelina,Syldatk,1981-09-19,12,12,524,524,2018-04-01,4300
525,pani,El¿bieta,1970-02-08,13,13,525,525,2015-03-13,4300
526,pan,Józef,1959-12-06,14,14,526,526,2013-11-04,4000
527,pan,Norbert,1997-09-01,15,15,527,527,2015-04-27,2200
528,Rados³aw,Œwit,1980-01-19,0,0,528,528,2011-04-08,2800
529,Stefan,Wosiak,1965-11-02,1,1,529,529,2017-01-15,3800
530,Krzysztof,Spólnik,1994-01-03,2,2,530,530,2012-08-23,3100
531,pani,Ewelina,1989-08-19,3,3,531,531,2012-02-14,2100
532,Adrian,Borysiak,2004-07-14,4,4,532,532,2010-03-17,3700
533,Stanis³aw,Kretek,2000-02-28,5,5,533,533,2018-04-09,4200
534,pan,Eryk,1995-10-13,6,6,534,534,2010-12-20,2700
535,Kalina,Jakimiak,2003-02-14,7,7,535,535,2018-04-15,3600
536,Jerzy,Swatek,1977-01-18,8,8,536,536,2010-01-14,2200
537,Borys,Ko³ak,1966-11-22,9,9,537,537,2011-03-08,2700
538,Kalina,Skupin,1992-03-10,10,10,538,538,2012-12-24,4000
539,pan,Fryderyk,1975-02-22,11,11,539,539,2010-09-01,3400
540,pani,Sonia,1959-12-19,12,12,540,540,2012-01-03,4200
541,Alan,Trybuœ,2004-10-30,13,13,541,541,2018-10-06,3300
542,pan,Leonard,1992-07-20,14,14,542,542,2015-03-08,3400
543,Agnieszka,Chwedoruk,2003-09-13,15,15,543,543,2014-03-01,3600
544,pani,Sandra,1961-11-01,0,0,544,544,2019-12-17,4400
545,Dominik,Leszcz,1960-02-05,1,1,545,545,2014-08-15,2000
546,pan,Piotr,1994-09-05,2,2,546,546,2019-06-02,2700
547,Karina,Budrewicz,1988-06-25,3,3,547,547,2015-11-04,2900
548,pani,Janina,2001-07-27,4,4,548,548,2010-04-03,4100
549,pani,Gaja,1991-06-27,5,5,549,549,2015-11-07,2100
550,Norbert,Kuropatwa,2000-07-29,6,6,550,550,2011-01-08,2600
551,Hubert,Cyrek,1973-10-24,7,7,551,551,2017-05-07,3400
552,pan,Ernest,1994-11-29,8,8,552,552,2018-09-03,3000
553,Artur,Neska,2002-01-24,9,9,553,553,2013-04-20,3000
554,pan,Sebastian,2001-02-07,10,10,554,554,2014-01-07,3100
555,Melania,Kwapis,1973-09-28,11,11,555,555,2010-01-08,4400
556,Hubert,Stochel,1972-04-23,12,12,556,556,2019-10-04,2400
557,pani,Ró¿a,1974-03-26,13,13,557,557,2010-09-21,3100
558,Roksana,Gwara,1986-02-15,14,14,558,558,2018-08-28,3200
559,Tola,Koœka,1984-02-02,15,15,559,559,2015-11-26,2200
560,Julita,Bancerz,1996-10-13,0,0,560,560,2017-07-25,2300
561,pan,Tymoteusz,1982-06-03,1,1,561,561,2019-05-16,2500
562,B³a¿ej,Tuzimek,2004-12-10,2,2,562,562,2019-03-25,4300
563,Witold,Krywult,1990-06-14,3,3,563,563,2011-12-31,4300
564,pan,Jêdrzej,1975-01-02,4,4,564,564,2016-03-13,4200
565,pani,Ró¿a,1996-06-02,5,5,565,565,2013-03-14,4000
566,pani,Angelika,1959-04-10,6,6,566,566,2014-05-04,2300
567,Nela,S³omiany,1973-01-27,7,7,567,567,2019-10-19,2400
568,pan,Dariusz,1996-01-11,8,8,568,568,2013-07-23,2800
569,Konrad,Smolka,1997-11-02,9,9,569,569,2011-03-09,3600
570,Kamila,Andryszczyk,1987-05-19,10,10,570,570,2012-06-17,3400
571,Dominik,Mierzwiak,1984-08-10,11,11,571,571,2010-05-08,4000
572,Dorota,Giec,1989-11-29,12,12,572,572,2018-06-22,3500
573,Nataniel,Matraszek,1995-05-01,13,13,573,573,2016-10-03,4200
574,Cyprian,Pyrz,1971-12-23,14,14,574,574,2015-06-06,2500
575,Fabian,Apanowicz,1981-09-15,15,15,575,575,2013-10-17,3300
576,Filip,Klinkosz,1993-08-24,0,0,576,576,2012-11-23,2100
577,Juliusz,Zio³a,1992-05-28,1,1,577,577,2011-07-09,3800
578,Natan,Szo³tysik,1980-09-10,2,2,578,578,2014-11-14,2800
579,Jeremi,Toma,1961-07-23,3,3,579,579,2010-08-12,2700
580,Marianna,Myszor,1971-08-27,4,4,580,580,2018-05-09,2800
581,pani,Liwia,1973-06-21,5,5,581,581,2012-01-09,3500
582,Oliwier,Szajek,1960-07-27,6,6,582,582,2012-05-09,2600
583,Olga,Rajczak,1968-11-21,7,7,583,583,2015-11-20,3000
584,Julian,Bzymek,1993-06-15,8,8,584,584,2014-08-05,4300
585,Ryszard,Bytner,1963-05-24,9,9,585,585,2019-02-25,3700
586,pani,Liwia,1996-05-15,10,10,586,586,2018-01-15,4300
587,Sonia,Buœ,1982-08-28,11,11,587,587,2019-12-15,3800
588,Cyprian,Opalach,1982-10-15,12,12,588,588,2010-12-16,4400
589,pan,Norbert,1960-02-18,13,13,589,589,2019-04-19,3600
590,Gaja,£usiak,1968-11-30,14,14,590,590,2011-10-05,4000
591,Szymon,Doktór,1966-03-03,15,15,591,591,2018-05-12,3500
592,Nikodem,Hamerla,1989-05-16,0,0,592,592,2016-06-22,3700
593,Józef,Jêdruch,1963-08-06,1,1,593,593,2017-05-19,3300
594,Adrian,Leoniak,1968-07-03,2,2,594,594,2010-02-02,3700
595,pan,Jerzy,2002-07-08,3,3,595,595,2017-02-18,2500
596,Krystyna,Morcinek,1992-08-19,4,4,596,596,2018-10-28,2500
597,Albert,Burnat,1990-06-17,5,5,597,597,2016-09-20,2700
598,Kaja,Pu³ka,1958-07-25,6,6,598,598,2017-01-15,2800
599,Micha³,Pyszka,1972-01-12,7,7,599,599,2015-06-18,4200
600,Norbert,Garbaciak,1970-09-06,8,8,600,600,2015-04-07,4200
601,Blanka,Kondej,1991-03-29,9,9,601,601,2010-01-09,3800
602,Anita,Fydrych,1996-05-07,10,10,602,602,2019-09-29,2300
603,pani,Kaja,1975-12-21,11,11,603,603,2018-08-21,3400
604,Ida,Fijo³,1980-07-21,12,12,604,604,2015-07-31,2100
605,Ró¿a,Olbrych,1992-10-09,13,13,605,605,2011-12-14,4100
606,Nikodem,Mikiciuk,1998-11-30,14,14,606,606,2010-06-20,3100
607,Olga,Michalczak,2001-11-09,15,15,607,607,2014-12-27,3600
608,Olga,Gosz,1993-08-19,0,0,608,608,2018-05-14,3400
609,Micha³,£uckiewicz,1959-09-13,1,1,609,609,2015-03-19,3600
610,Pawe³,Kosiec,1960-12-11,2,2,610,610,2017-06-09,2400
611,pani,Julita,1973-11-02,3,3,611,611,2013-07-14,3300
612,Eliza,Sip,1978-09-13,4,4,612,612,2012-10-08,3400
613,Oskar,Skowyra,1998-09-14,5,5,613,613,2019-07-11,3600
614,Kamil,Mikoda,1961-09-26,6,6,614,614,2014-12-23,2200
615,Maks,Wierzchoñ,1981-09-06,7,7,615,615,2015-01-08,2000
616,Karol,Krê¿o³ek,1989-11-08,8,8,616,616,2017-01-08,4000
617,Tymon,Krenc,1971-04-29,9,9,617,617,2011-09-04,3300
618,Agnieszka,Kilar,1987-10-10,10,10,618,618,2017-11-10,2400
619,Franciszek,Pikula,1976-02-20,11,11,619,619,2016-01-03,3800
620,Nikodem,Wiercigroch,1974-06-14,12,12,620,620,2010-10-27,2700
621,Monika,Lulek,1982-09-07,13,13,621,621,2014-11-15,2500
622,El¿bieta,Tla³ka,1958-02-17,14,14,622,622,2010-08-15,4200
623,Kazimierz,Kwapieñ,2000-07-04,15,15,623,623,2013-06-14,2400
624,Marcin,Wochnik,1959-04-03,0,0,624,624,2010-05-31,3000
625,pan,Jacek,1986-08-15,1,1,625,625,2016-05-26,2500
626,pani,El¿bieta,1959-10-11,2,2,626,626,2017-02-13,3700
627,Bartek,Prasek,1965-04-17,3,3,627,627,2011-07-27,4200
628,Tola,Pocz¹tek,1974-03-31,4,4,628,628,2015-02-12,2200
629,Marcel,Kierepka,1960-02-04,5,5,629,629,2013-04-11,3400
630,pan,Nataniel,1975-02-06,6,6,630,630,2015-04-18,3800
631,Adrianna,Aleksa,1996-07-18,7,7,631,631,2013-05-03,3300
632,Rados³aw,Zaraœ,1999-02-22,8,8,632,632,2014-02-19,3400
633,Pawe³,Bejm,1977-08-23,9,9,633,633,2013-06-02,3600
634,pan,Ryszard,1964-12-27,10,10,634,634,2013-03-10,3400
635,Aleksander,Stefankiewicz,1986-05-17,11,11,635,635,2017-09-23,2400
636,Sylwia,Kwapisiewicz,1965-07-01,12,12,636,636,2017-02-19,3200
637,Tadeusz,Noras,1968-09-17,13,13,637,637,2012-12-14,4200
638,Marcin,Fronia,1958-06-13,14,14,638,638,2017-09-10,2800
639,El¿bieta,Dzwonnik,1958-12-27,15,15,639,639,2012-10-01,3300
640,pan,Maks,1977-10-23,0,0,640,640,2018-03-09,3100
641,Janina,Zio³a,1999-01-30,1,1,641,641,2016-01-27,3600
642,pan,Konrad,1986-12-03,2,2,642,642,2017-05-29,3400
643,pani,Janina,1986-09-05,3,3,643,643,2013-03-27,3900
644,Adrian,Tu³acz,1983-06-06,4,4,644,644,2017-03-08,4000
645,Inga,Kwapisiewicz,1998-04-28,5,5,645,645,2011-06-26,4200
646,Ida,Kalota,1990-06-02,6,6,646,646,2012-12-26,3700
647,Janina,S³abosz,1992-05-12,7,7,647,647,2011-06-26,2700
648,£ukasz,Stoch,1968-03-06,8,8,648,648,2013-02-10,2700
649,pan,Pawe³,1964-10-11,9,9,649,649,2011-07-06,2200
650,pani,Adrianna,2003-07-28,10,10,650,650,2019-07-03,4100
651,Urszula,Stupak,2003-07-16,11,11,651,651,2017-06-22,4000
652,Iwo,Siara,1976-02-03,12,12,652,652,2010-03-21,3200
653,Kajetan,Poczta,1970-03-20,13,13,653,653,2015-01-04,3500
654,pan,Witold,1969-06-04,14,14,654,654,2010-05-12,2000
655,Maurycy,Molek,1979-06-06,15,15,655,655,2016-03-16,2700
656,Melania,Staniewicz,2001-09-18,0,0,656,656,2012-03-28,4400
657,Leonard,Muc,1993-04-26,1,1,657,657,2014-11-19,2200
658,Norbert,Koœka,2000-06-18,2,2,658,658,2016-08-29,4300
659,Cyprian,£uszczyk,1997-04-09,3,3,659,659,2013-12-22,2900
660,pani,Natasza,1970-11-26,4,4,660,660,2014-07-06,2100
661,pan,Kacper,1980-03-30,5,5,661,661,2010-09-10,4300
662,Gabriel,Kurtyka,1981-04-25,6,6,662,662,2019-04-15,2200
663,Kornelia,Balas,1999-05-08,7,7,663,663,2017-05-23,3900
664,Szymon,Forysiak,1959-11-18,8,8,664,664,2018-05-19,3100
665,pan,Albert,1991-12-09,9,9,665,665,2016-12-04,2400
666,Maurycy,So³tan,1995-02-23,10,10,666,666,2019-05-30,3300
667,Jerzy,Kinder,1985-02-04,11,11,667,667,2018-03-25,3200
668,pani,Marika,1967-08-18,12,12,668,668,2011-10-01,2600
669,Ró¿a,Pasieczna,1992-05-04,13,13,669,669,2017-01-04,3100
670,Karina,Patrza³ek,1976-01-02,14,14,670,670,2011-09-02,4200
671,Cyprian,Kuder,1977-03-07,15,15,671,671,2013-02-07,4200
672,Cyprian,Ficoñ,1962-12-28,0,0,672,672,2014-10-20,2400
673,Alan,Maksym,1996-03-30,1,1,673,673,2016-02-21,4300
674,Bianka,Politowicz,1959-08-30,2,2,674,674,2011-08-30,2400
675,Maks,Cichowlas,1978-10-13,3,3,675,675,2017-03-11,2600
676,Nikodem,Jachna,1969-08-18,4,4,676,676,2017-10-05,3400
677,pan,Stanis³aw,2002-11-11,5,5,677,677,2016-01-04,3900
678,Robert,Pela,1996-12-09,6,6,678,678,2014-01-22,4000
679,pan,Cyprian,2004-04-20,7,7,679,679,2018-07-14,3200
680,pan,B³a¿ej,1978-03-27,8,8,680,680,2012-08-22,2700
681,Olgierd,Warych,1976-05-14,9,9,681,681,2013-03-26,3600
682,Agnieszka,Oziêb³o,1970-05-07,10,10,682,682,2013-10-07,2300
683,Micha³,Gaw³owicz,1986-07-06,11,11,683,683,2014-01-11,3600
684,Antoni,Reich,1962-06-23,12,12,684,684,2011-08-18,3900
685,Aleks,Pra¿uch,1994-04-23,13,13,685,685,2010-04-06,2600
686,Stefan,Ryznar,1957-08-06,14,14,686,686,2015-11-29,3400
687,Cezary,Kyc,1984-08-12,15,15,687,687,2016-08-30,4200
688,pani,Marika,1958-07-01,0,0,688,688,2019-01-07,3700
689,Piotr,Dyczko,1979-10-27,1,1,689,689,2018-12-30,2300
690,pani,Sandra,1969-04-03,2,2,690,690,2013-04-20,3700
691,pani,Melania,1976-06-23,3,3,691,691,2018-07-07,3300
692,Fryderyk,Oleksik,1981-10-29,4,4,692,692,2016-06-29,2500
693,Hubert,Perlik,1970-01-01,5,5,693,693,2012-12-07,3700
694,Leon,Rasa³a,1976-09-24,6,6,694,694,2010-03-25,2800
695,Dominik,Kobza,1996-07-28,7,7,695,695,2015-10-13,3600
696,Mateusz,Józwik,1972-08-27,8,8,696,696,2015-06-25,4300
697,Lidia,Lejman,2003-09-26,9,9,697,697,2013-04-10,3500
698,Jêdrzej,Szwaj,1995-12-07,10,10,698,698,2014-05-03,3300
699,Krzysztof,Szczepaniuk,2001-05-09,11,11,699,699,2013-01-23,4200
700,Tola,Patyna,1984-12-06,12,12,700,700,2011-03-13,2500
701,pan,Witold,2003-01-27,13,13,701,701,2013-04-10,3700
702,Stanis³aw,£uksza,1966-10-08,14,14,702,702,2015-05-08,2800
703,pan,Robert,2003-06-26,15,15,703,703,2015-08-26,4400
704,Daniel,Madejczyk,1988-11-23,0,0,704,704,2013-04-03,3000
705,Olaf,Siembab,1959-05-29,1,1,705,705,2010-06-06,2300
706,Justyna,Kempny,1963-06-04,2,2,706,706,2014-03-31,3900
707,Kornel,Jaszczyszyn,1981-01-03,3,3,707,707,2017-02-19,3200
708,Norbert,Nojek,1989-06-20,4,4,708,708,2010-05-05,2400
709,Filip,Ska³ka,2003-10-03,5,5,709,709,2015-10-04,3600
710,pan,Marcel,1980-09-18,6,6,710,710,2010-03-10,4300
711,pan,Marek,1999-06-14,7,7,711,711,2010-01-27,3700
712,pani,Ewelina,1999-07-21,8,8,712,712,2015-03-25,2700
713,Mieszko,Kulczak,1976-05-28,9,9,713,713,2010-12-28,3400
714,Olaf,Zagrodnik,1982-10-11,10,10,714,714,2016-02-21,2900
715,Józef,P³aneta,1962-09-05,11,11,715,715,2015-11-12,3200
716,Eliza,Kud³acik,1968-08-29,12,12,716,716,2014-04-05,3900
717,Gustaw,Kossak,2004-09-25,13,13,717,717,2012-11-22,2600
718,Sonia,Kajak,2001-11-30,14,14,718,718,2016-10-10,3900
719,pani,Monika,1961-06-21,15,15,719,719,2012-10-22,3000
720,Franciszek,Dziób,1988-11-07,0,0,720,720,2014-04-06,2200
721,Melania,Kowara,1996-12-11,1,1,721,721,2013-09-25,2400
722,Anastazja,Batóg,1991-08-05,2,2,722,722,2018-05-23,3000
723,Leon,Gierat,1990-04-12,3,3,723,723,2019-11-06,3100
724,pan,Józef,1965-03-07,4,4,724,724,2014-05-16,2100
725,pani,Sylwia,2001-06-07,5,5,725,725,2012-12-10,3200
726,Sebastian,Kala,1996-11-08,6,6,726,726,2018-12-17,3400
727,Alan,Stachelek,1996-04-05,7,7,727,727,2011-12-28,3400
728,pani,Julianna,1999-09-03,8,8,728,728,2011-12-04,2100
729,Anna,Maria,1965-03-06,9,9,729,729,2014-01-14,4200
730,Tymon,Senator,1997-01-14,10,10,730,730,2011-10-24,3200
731,Aleksander,Spólnik,1963-04-29,11,11,731,731,2017-06-17,2000
732,Cyprian,Gral,1965-05-12,12,12,732,732,2010-02-17,2900
733,Andrzej,Kujawiak,1980-09-16,13,13,733,733,2010-03-09,3800
734,Anna,Maria,1972-08-21,14,14,734,734,2018-09-15,2800
735,pani,Agnieszka,1998-07-02,15,15,735,735,2017-04-02,3000
736,Robert,Moniuszko,1981-05-09,0,0,736,736,2010-02-03,4100
737,Ewelina,Krzysztoszek,1981-04-03,1,1,737,737,2012-11-18,3000
738,pan,Iwo,1975-11-11,2,2,738,738,2011-04-11,4200
739,Kamila,Erdmann,2003-02-15,3,3,739,739,2012-09-26,3500
740,pani,Klara,1986-05-23,4,4,740,740,2010-12-23,3600
741,Stefan,Mosio³ek,1963-05-19,5,5,741,741,2017-02-22,3800
742,Aniela,Klejna,1995-04-14,6,6,742,742,2013-08-11,2800
743,Stefan,Kosz,1975-05-24,7,7,743,743,2019-11-15,2600
744,Adam,Lada,1985-04-05,8,8,744,744,2011-04-28,2600
745,Nela,Dobosiewicz,1991-02-25,9,9,745,745,2015-06-13,4000
746,pani,Kamila,1987-07-24,10,10,746,746,2012-10-11,3500
747,Konstanty,Preuss,1989-01-17,11,11,747,747,2016-06-04,4400
748,Tobiasz,Lampart,1999-06-18,12,12,748,748,2018-04-24,3900
749,pani,Marika,1984-09-08,13,13,749,749,2011-10-23,2100
750,Kornel,Graœ,2000-10-22,14,14,750,750,2014-03-24,4400
751,Cezary,Czermak,1984-08-06,15,15,751,751,2016-08-14,2300
752,pani,Inga,1998-01-02,0,0,752,752,2018-04-16,3900
753,Igor,Leszczuk,1977-06-14,1,1,753,753,2018-04-04,2300
754,Albert,£osiak,1999-12-05,2,2,754,754,2017-05-17,3900
755,Olgierd,Œlipek,2001-09-21,3,3,755,755,2017-05-09,3600
756,Dominik,Kamieniarz,1980-01-01,4,4,756,756,2017-05-01,3500
757,pan,Natan,2004-11-11,5,5,757,757,2011-12-29,4200
758,Kaja,Paœciak,1963-08-22,6,6,758,758,2015-11-16,2600
759,El¿bieta,Deptuch,2000-07-24,7,7,759,759,2011-12-01,2700
760,Pawe³,Solarek,2000-01-20,8,8,760,760,2012-10-26,3400
761,Dagmara,Stosio,2002-05-19,9,9,761,761,2017-05-05,4300
762,Patryk,Erdmann,1985-10-11,10,10,762,762,2012-11-30,4300
763,Jêdrzej,Gubernat,1996-07-11,11,11,763,763,2013-12-28,2800
764,pan,Kornel,1965-07-29,12,12,764,764,2012-03-30,2500
765,Maurycy,Rucha³a,1968-10-19,13,13,765,765,2015-11-23,4300
766,Kaja,Wota,2003-12-26,14,14,766,766,2014-07-09,3800
767,Dariusz,Kielczyk,1974-04-14,15,15,767,767,2013-06-02,3800
768,Janina,Lipowicz,1988-09-08,0,0,768,768,2012-09-28,2300
769,pan,Grzegorz,1973-11-26,1,1,769,769,2010-01-19,2200
770,Anita,Po³etek,1965-11-29,2,2,770,770,2015-05-24,2600
771,B³a¿ej,Habdas,1988-07-08,3,3,771,771,2014-07-14,2600
772,pan,Oliwier,1960-06-24,4,4,772,772,2011-10-04,2300
773,Fabian,Dryga³a,1998-06-18,5,5,773,773,2011-01-05,2100
774,pan,Juliusz,2000-11-10,6,6,774,774,2016-04-27,2200
775,Julian,Grymuza,1971-09-27,7,7,775,775,2011-02-28,2600
776,Nela,Szumiec,1978-04-09,8,8,776,776,2018-04-25,3600
777,Maciej,Szurek,1968-03-04,9,9,777,777,2018-01-27,3500
778,Anna,Maria,1996-05-17,10,10,778,778,2017-04-08,2200
779,Norbert,Je¿yk,1975-07-06,11,11,779,779,2018-02-12,3000
780,pan,Dariusz,1996-05-30,12,12,780,780,2016-10-26,3400
781,Borys,Uzar,1964-12-04,13,13,781,781,2017-06-07,4400
782,Bianka,Bogusiewicz,1982-04-27,14,14,782,782,2018-04-05,2600
783,Ró¿a,Radziewicz,1967-04-05,15,15,783,783,2016-02-25,2500
784,Ida,Malisz,1961-09-10,0,0,784,784,2015-02-28,2900
785,Ignacy,Matacz,1978-06-16,1,1,785,785,2010-04-12,2200
786,pani,Sara,1964-01-27,2,2,786,786,2016-05-14,2800
787,Marika,Fogt,1960-04-12,3,3,787,787,2011-11-17,2900
788,Jêdrzej,Pryszcz,1987-09-10,4,4,788,788,2010-09-22,2600
789,Sebastian,Witas,1961-11-08,5,5,789,789,2017-12-10,4200
790,Fabian,Kuropatwa,1994-11-20,6,6,790,790,2014-11-19,3500
791,pan,Nataniel,1968-05-15,7,7,791,791,2014-02-11,4400
792,Nicole,Mrózek,1994-01-14,8,8,792,792,2014-07-31,3000
793,Inga,Ziemkiewicz,1978-05-09,9,9,793,793,2013-07-24,2100
794,pan,Stefan,1975-05-03,10,10,794,794,2014-04-24,2700
795,Apolonia,Bazyd³o,1990-06-06,11,11,795,795,2010-05-26,2000
796,pani,Ada,1976-10-12,12,12,796,796,2013-05-04,2100
797,Sylwia,Dyszy,1969-11-28,13,13,797,797,2016-01-04,2400
798,pani,Rozalia,1957-06-01,14,14,798,798,2016-05-01,3400
799,Aniela,Piaseczna,1989-10-04,15,15,799,799,2015-12-16,3400
800,Gaja,Boryczko,2004-04-25,0,0,800,800,2018-01-16,3500
801,Klara,Szmur³o,1985-04-26,1,1,801,801,2012-06-03,2200
802,Ernest,Lazarek,1975-11-11,2,2,802,802,2011-02-12,2500
803,Bruno,Cecot,1974-09-04,3,3,803,803,2019-04-27,3500
804,Anna,Maria,1970-12-27,4,4,804,804,2012-08-15,3300
805,Micha³,Waszczyk,1958-04-30,5,5,805,805,2014-09-22,2900
806,Mieszko,Wojtaszak,1963-08-24,6,6,806,806,2010-01-10,2100
807,Antoni,£achacz,1972-06-14,7,7,807,807,2010-03-18,4200
808,pan,£ukasz,2004-11-27,8,8,808,808,2015-01-19,3700
809,pani,Anna,1960-09-14,9,9,809,809,2013-07-21,4100
810,Inga,Rembacz,1974-10-06,10,10,810,810,2013-10-14,3400
811,Gabriel,Kiciak,1997-12-27,11,11,811,811,2016-12-02,3400
812,Sonia,Hanc,1960-01-25,12,12,812,812,2011-10-29,2000
813,Sylwia,Starêga,1998-04-25,13,13,813,813,2015-12-27,3900
814,Juliusz,Boguœ,2004-08-09,14,14,814,814,2015-10-14,2900
815,Tymoteusz,Natanek,1962-03-04,15,15,815,815,2019-02-18,3900
816,Roksana,Pal,1998-08-07,0,0,816,816,2011-02-09,3300
817,Ida,Chabior,1961-09-27,1,1,817,817,2013-06-18,2400
818,Mieszko,Kominiak,1979-04-11,2,2,818,818,2019-03-25,2000
819,pani,Dagmara,1969-10-17,3,3,819,819,2016-01-22,2100
820,Witold,Czopik,1996-04-13,4,4,820,820,2012-01-07,3500
821,Ksawery,Spad³o,1974-10-05,5,5,821,821,2015-04-12,4400
822,pan,Tomasz,1980-07-01,6,6,822,822,2018-04-29,4200
823,Leonard,Superson,1999-08-19,7,7,823,823,2013-03-05,3400
824,Anastazja,Fogel,1958-07-30,8,8,824,824,2015-03-01,2500
825,Urszula,Zadka,1982-05-28,9,9,825,825,2015-11-21,4100
826,Leonard,Ficner,1996-11-04,10,10,826,826,2017-11-18,4000
827,Tomasz,Broncel,1971-10-22,11,11,827,827,2010-09-28,3900
828,Wiktor,Fo³ta,1958-03-07,12,12,828,828,2013-11-09,3900
829,Klara,Pierz,1957-12-20,13,13,829,829,2017-08-23,4000
830,Dawid,Kuziora,1993-02-13,14,14,830,830,2018-09-20,3800
831,Kazimierz,Wiciak,2002-12-25,15,15,831,831,2019-06-23,3200
832,Gabriel,Naro¿na,1971-07-27,0,0,832,832,2018-02-16,2800
833,Sylwia,Oszust,2001-04-09,1,1,833,833,2012-09-05,4300
834,Kaja,Domurad,1980-07-18,2,2,834,834,2010-02-04,3000
835,pan,Hubert,1964-11-03,3,3,835,835,2015-11-10,3000
836,Marianna,Leszczyk,1991-10-30,4,4,836,836,2015-12-29,2700
837,pan,Juliusz,1968-05-11,5,5,837,837,2015-10-16,2300
838,Melania,Misiarz,1965-02-11,6,6,838,838,2010-12-23,3100
839,pan,Maciej,1985-07-01,7,7,839,839,2012-02-15,4200
840,Stanis³aw,Waraksa,1958-04-12,8,8,840,840,2013-04-05,3500
841,Ryszard,Rut,1959-10-19,9,9,841,841,2014-09-03,3900
842,Franciszek,Borczyk,1992-08-07,10,10,842,842,2016-03-05,2200
843,pan,Przemys³aw,1965-05-09,11,11,843,843,2017-12-28,2800
844,Hubert,Zbiciak,1971-06-02,12,12,844,844,2016-11-10,2800
845,Ryszard,Zander,1989-12-06,13,13,845,845,2018-05-24,2200
846,Borys,Welc,1975-06-13,14,14,846,846,2010-10-14,2700
847,pan,Kamil,1985-07-19,15,15,847,847,2019-06-29,4300
848,pan,Wiktor,1971-05-07,0,0,848,848,2012-05-11,2200
849,Roksana,Wendt,1965-04-02,1,1,849,849,2014-12-23,4000
850,pan,Kornel,1962-03-22,2,2,850,850,2014-01-29,4000
851,Ryszard,Dolega,1964-07-06,3,3,851,851,2013-01-13,2700
852,Krystian,Pastu³a,1957-01-08,4,4,852,852,2014-03-27,3800
853,Bartek,Szczepaniuk,1959-12-29,5,5,853,853,2010-07-28,3300
854,Konrad,Durma,1957-02-09,6,6,854,854,2012-06-18,2500
855,pani,Natasza,1978-01-23,7,7,855,855,2018-11-09,2300
856,Micha³,Stein,1997-04-13,8,8,856,856,2014-04-17,2800
857,Nikodem,Andrearczyk,1973-10-21,9,9,857,857,2011-04-10,3300
858,pan,Krystian,1987-12-13,10,10,858,858,2013-09-25,3300
859,pani,Malwina,1967-08-07,11,11,859,859,2016-07-02,3100
860,Marika,Podkowa,1967-12-21,12,12,860,860,2013-02-12,3800
861,Olaf,£achacz,1976-10-09,13,13,861,861,2016-10-19,4300
862,pan,Konstanty,1978-03-13,14,14,862,862,2014-01-27,2200
863,Marcelina,Plich,1995-07-25,15,15,863,863,2016-11-11,2400
864,Albert,Filusz,1990-03-21,0,0,864,864,2013-07-07,3900
865,pani,Klara,2004-01-24,1,1,865,865,2013-03-18,3700
866,Kornel,Cetera,1979-06-29,2,2,866,866,2013-05-23,4200
867,£ukasz,Behrendt,1981-08-16,3,3,867,867,2015-06-05,3500
868,Józef,Wielgos,1979-05-16,4,4,868,868,2010-07-03,2700
869,Sebastian,W¹sala,1965-01-25,5,5,869,869,2011-01-09,3400
870,Gabriel,Koœciuszko,1984-02-09,6,6,870,870,2012-11-13,2300
871,Julita,Witka,1982-09-13,7,7,871,871,2019-04-23,4100
872,Klara,Piechna,1983-07-09,8,8,872,872,2017-07-08,4100
873,pan,Adam,1964-04-23,9,9,873,873,2016-04-13,2700
874,Dawid,Broszkiewicz,1979-08-12,10,10,874,874,2011-04-19,2500
875,Dominik,Krasa,1985-05-04,11,11,875,875,2011-01-27,3400
876,Julian,Budzeñ,1969-01-29,12,12,876,876,2018-02-13,2000
877,Bianka,Bogaczyk,2001-08-04,13,13,877,877,2018-07-13,3700
878,pani,Sara,1986-10-08,14,14,878,878,2010-07-14,2800
879,Angelika,Sorbian,2004-10-11,15,15,879,879,2012-08-30,2500
880,£ukasz,Falba,1998-01-30,0,0,880,880,2013-08-30,2200
881,Eryk,Zio³a,1996-05-30,1,1,881,881,2015-03-13,4100
882,Jeremi,Kazek,1996-12-18,2,2,882,882,2011-03-18,4200
883,Jeremi,Ziajka,1974-03-22,3,3,883,883,2019-01-11,4000
884,Bianka,Prejs,2001-02-24,4,4,884,884,2019-09-09,2200
885,Gabriel,Kostera,1976-03-01,5,5,885,885,2015-05-14,3800
886,Arkadiusz,Niedojad³o,1974-07-14,6,6,886,886,2011-12-26,3600
887,Aurelia,Lelito,1997-05-04,7,7,887,887,2015-11-25,3300
888,Marcelina,Kajdan,1988-04-28,8,8,888,888,2018-07-07,2100
889,Olaf,Korta,1989-11-15,9,9,889,889,2010-11-10,4000
890,Rafa³,Chor¹¿ewicz,1960-03-12,10,10,890,890,2015-08-27,2200
891,Angelika,Jaszcz,1995-03-03,11,11,891,891,2016-05-16,3800
892,Artur,Baster,1997-12-16,12,12,892,892,2012-02-23,2300
893,Karol,Wijata,1991-11-14,13,13,893,893,2017-05-22,2500
894,Mariusz,Cio³czyk,1989-05-07,14,14,894,894,2016-03-18,4000
895,Dorota,Nieœcior,1992-10-10,15,15,895,895,2019-08-04,3800
896,Agnieszka,Omiotek,1981-05-27,0,0,896,896,2017-01-20,2900
897,pani,El¿bieta,1971-06-06,1,1,897,897,2014-06-26,3800
898,B³a¿ej,Jakóbiak,1960-03-21,2,2,898,898,2010-11-01,2800
899,Tymoteusz,Kamyszek,1975-10-31,3,3,899,899,2019-02-23,4400
900,Sylwia,£¹giewka,1960-10-12,4,4,900,900,2016-01-21,2500
901,Monika,Bohdanowicz,1984-12-22,5,5,901,901,2010-08-28,2000
902,Marika,Pacewicz,1996-04-03,6,6,902,902,2012-12-17,3600
903,Marcel,Stachewicz,1960-12-24,7,7,903,903,2013-05-27,4400
904,Eliza,Piwowarek,1975-11-18,8,8,904,904,2017-04-02,2700
905,pani,Marianna,1971-12-28,9,9,905,905,2013-06-23,2100
906,Nataniel,Westfal,1971-06-09,10,10,906,906,2016-07-04,3900
907,Hubert,Kramer,1989-12-06,11,11,907,907,2010-09-08,3900
908,Dagmara,Kornek,1994-05-20,12,12,908,908,2014-11-06,3000
909,Jeremi,Tabiœ,1960-11-24,13,13,909,909,2013-07-25,2100
910,pan,Juliusz,1986-04-27,14,14,910,910,2011-09-21,4300
911,pani,Aurelia,1997-12-12,15,15,911,911,2018-01-21,4300
912,Borys,Boduch,1987-12-06,0,0,912,912,2013-07-21,4100
913,pan,Bruno,1964-02-23,1,1,913,913,2011-10-19,4400
914,Tymoteusz,Æmiel,1979-02-15,2,2,914,914,2010-08-08,3500
915,Inga,Podsiedlik,2004-11-22,3,3,915,915,2013-06-20,2100
916,pani,Ró¿a,1981-10-06,4,4,916,916,2014-06-05,4400
917,pan,Cezary,1983-09-26,5,5,917,917,2010-10-24,2100
918,Roksana,M¹drzak,1992-04-22,6,6,918,918,2018-09-02,2900
919,pani,Tola,1995-12-27,7,7,919,919,2016-09-13,2800
920,pan,Kornel,1975-09-29,8,8,920,920,2018-12-03,4300
921,pani,Bianka,2002-12-10,9,9,921,921,2013-10-02,2600
922,pan,Leon,1963-10-26,10,10,922,922,2017-03-20,2000
923,Iwo,Garczarek,1958-05-03,11,11,923,923,2018-05-29,3500
924,Ksawery,Matura,1964-06-08,12,12,924,924,2011-10-03,2700
925,Rados³aw,Galik,1962-12-02,13,13,925,925,2019-06-23,2300
926,Roksana,Basaj,2001-05-21,14,14,926,926,2016-03-05,4000
927,pani,Sara,1993-07-15,15,15,927,927,2010-06-27,4300
928,Marianna,Dêbniak,1987-07-27,0,0,928,928,2016-11-08,2200
929,Jêdrzej,Kurcz,2001-04-15,1,1,929,929,2010-08-26,4200
930,Maciej,Dudzicz,1988-04-08,2,2,930,930,2010-05-29,3500
931,£ukasz,G³adka,1997-11-07,3,3,931,931,2015-01-02,4400
932,Kacper,Czubaszek,1989-09-25,4,4,932,932,2015-04-29,2700
933,Ewelina,Szela,1992-01-03,5,5,933,933,2012-08-21,2500
934,pan,Jêdrzej,1967-03-14,6,6,934,934,2010-03-28,2000
935,Marek,Szywa³a,1974-02-22,7,7,935,935,2018-04-02,4200
936,Mi³osz,Tyniec,1967-03-10,8,8,936,936,2014-03-13,4100
937,Ida,Kosiak,1979-06-12,9,9,937,937,2010-11-16,4300
938,Ksawery,Miesza³a,1973-07-09,10,10,938,938,2014-10-14,3300
939,Kornel,Hornik,1984-04-08,11,11,939,939,2019-11-12,2000
940,Witold,Niesporek,1963-05-25,12,12,940,940,2018-09-04,2500
941,Ró¿a,Kozar,1958-07-02,13,13,941,941,2017-05-05,2200
942,pani,Julita,2004-08-12,14,14,942,942,2014-10-29,3800
943,Blanka,Kaczka,1966-03-18,15,15,943,943,2019-02-13,2200
944,Andrzej,Zubowicz,1965-08-31,0,0,944,944,2012-06-03,2700
945,Alan,Zimoñ,1962-05-04,1,1,945,945,2012-08-14,3600
946,Kazimierz,Pitura,1968-03-16,2,2,946,946,2014-08-12,3400
947,Sara,Grochowina,1995-12-27,3,3,947,947,2014-09-03,2100
948,pani,Julianna,1957-08-20,4,4,948,948,2018-01-08,4100
949,Mieszko,Grochowina,1983-12-11,5,5,949,949,2012-08-04,2500
950,Lidia,Franik,1961-10-16,6,6,950,950,2019-08-11,2500
951,pani,Aniela,1998-05-07,7,7,951,951,2017-01-11,3600
952,Aniela,Walusiak,1966-10-22,8,8,952,952,2018-04-15,4100
953,Konrad,Wy³upek,1968-12-30,9,9,953,953,2013-06-28,3500
954,pan,Leon,1962-08-08,10,10,954,954,2014-07-20,3400
955,Grzegorz,Kieca,1992-03-05,11,11,955,955,2011-07-19,2400
956,pani,Dorota,1992-06-19,12,12,956,956,2010-10-30,2800
957,pani,Lidia,1984-06-06,13,13,957,957,2010-06-26,3300
958,B³a¿ej,Starostka,1983-04-03,14,14,958,958,2011-06-06,2500
959,pan,Stefan,1997-12-28,15,15,959,959,2018-02-20,3500
960,pan,Stanis³aw,1985-10-12,0,0,960,960,2015-02-20,2600
961,Oskar,Szramka,1975-05-01,1,1,961,961,2012-01-18,3200
962,Jêdrzej,Heba,1983-06-16,2,2,962,962,2014-06-03,3900
963,Eliza,Bastek,1994-11-15,3,3,963,963,2019-11-26,2900
964,Ada,Panasiewicz,1972-05-26,4,4,964,964,2010-07-16,4100
965,Ewelina,Pioch,1981-07-24,5,5,965,965,2016-05-30,3700
966,Stefan,Rakus,2004-08-30,6,6,966,966,2016-11-26,2200
967,pan,Leonard,1960-04-12,7,7,967,967,2018-08-21,4000
968,pani,Olga,1989-11-12,8,8,968,968,2012-11-02,3100
969,Karol,Mila,1985-07-22,9,9,969,969,2018-10-12,4300
970,Fabian,Potoczna,1961-01-03,10,10,970,970,2013-04-10,2700
971,pan,Tadeusz,2000-02-08,11,11,971,971,2014-11-05,4400
972,Tadeusz,Pabis,1986-03-28,12,12,972,972,2017-05-17,2000
973,Apolonia,Tyka,1986-10-28,13,13,973,973,2010-09-05,4200
974,Angelika,Dydak,1994-10-11,14,14,974,974,2018-07-07,3300
975,Marcel,Œwierkosz,1980-10-13,15,15,975,975,2014-01-31,2800
976,Eryk,Kuchciak,1964-11-17,0,0,976,976,2012-09-10,3200
977,Sylwia,Janic,1977-07-11,1,1,977,977,2019-06-07,2500
978,Jacek,S³aba,1975-05-23,2,2,978,978,2017-07-01,3500
979,pan,Miko³aj,1966-12-23,3,3,979,979,2017-01-10,3900
980,Mieszko,Naro¿na,2000-12-12,4,4,980,980,2019-10-21,2100
981,Aleks,Jeszka,1996-07-03,5,5,981,981,2014-08-26,3900
982,Aleksander,F¹ferek,1962-06-27,6,6,982,982,2019-09-15,2200
983,pan,Szymon,1986-07-02,7,7,983,983,2011-10-06,4000
984,Franciszek,Duczmal,1998-04-12,8,8,984,984,2017-04-13,2900
985,Ryszard,Jezior,2000-01-02,9,9,985,985,2012-02-26,4100
986,Sonia,Pazik,1998-11-15,10,10,986,986,2014-04-15,4000
987,Nicole,Kosno,1958-07-29,11,11,987,987,2011-01-23,2900
988,Natan,Czerwionka,2002-09-04,12,12,988,988,2018-04-27,3300
989,Robert,Molga,1981-10-25,13,13,989,989,2014-11-29,3000
990,Witold,Czerwionka,1990-04-25,14,14,990,990,2013-06-26,3900
991,Patryk,Gumienna,1993-10-08,15,15,991,991,2018-06-25,2400
992,Oliwier,Sugier,2004-02-20,0,0,992,992,2014-06-09,2400
993,Kacper,Fechner,1995-01-25,1,1,993,993,2019-10-28,2700
994,pani,Dorota,1993-11-11,2,2,994,994,2014-07-19,2900
995,Marianna,Filak,1988-12-19,3,3,995,995,2014-01-21,2000
996,pani,Aurelia,1997-05-02,4,4,996,996,2012-07-31,2100
997,Marianna,Budych,1964-12-11,5,5,997,997,2015-11-17,4300
998,pan,Igor,1995-01-28,6,6,998,998,2016-10-24,3700
999,Ignacy,Jarosik,1984-02-03,7,7,999,999,2019-07-07,2900
