houseNr_id,houseNr_nr
0,77
1,47
2,91
3,74/14
4,92/83
5,79/82
6,547
7,34
8,73
9,93
10,65
11,486
12,27
13,556
14,34/11
15,30
16,91
17,84
18,997
19,66/42
20,477
21,71/49
22,337
23,102
24,10/63
25,01/48
26,43
27,18/17
28,42/38
29,88
30,900
31,72/06
32,046
33,23
34,464
35,028
36,36/97
37,28
38,21/13
39,425
40,70
41,66
42,21/31
43,20/99
44,85
45,589
46,38
47,497
48,46
49,961
50,68/45
51,34
52,004
53,401
54,77/31
55,15
56,111
57,645
58,09
59,95/81
60,60/93
61,733
62,564
63,76
64,457
65,21/31
66,986
67,853
68,44/39
69,58
70,01/64
71,06/87
72,84
73,526
74,02
75,35
76,044
77,019
78,699
79,26/54
80,49/50
81,25
82,257
83,72/85
84,73/28
85,672
86,72/06
87,75/51
88,22
89,670
90,43/05
91,871
92,76
93,28/60
94,951
95,46
96,40
97,367
98,300
99,03/77
100,76
101,203
102,164
103,12
104,96
105,46
106,054
107,14/93
108,13/92
109,62
110,65/13
111,403
112,23
113,749
114,71/77
115,74/83
116,45/55
117,869
118,66/98
119,262
120,63
121,547
122,827
123,32
124,64
125,92/71
126,640
127,66
128,91/64
129,358
130,713
131,36/54
132,33
133,12/96
134,95/08
135,37
136,115
137,15/28
138,959
139,54
140,74
141,10/99
142,07
143,768
144,67/18
145,00
146,45/29
147,42/81
148,142
149,82
150,013
151,05/54
152,428
153,47/50
154,65
155,35
156,24
157,24
158,82
159,99
160,69
161,69/93
162,30
163,722
164,51
165,606
166,849
167,19/47
168,02/95
169,91
170,85
171,11
172,39/05
173,61
174,210
175,19/29
176,617
177,27
178,400
179,008
180,89
181,76/50
182,74
183,63
184,92
185,207
186,44
187,279
188,65/59
189,261
190,45
191,251
192,56/58
193,79/68
194,56
195,18
196,71
197,532
198,207
199,58/47
200,91
201,92
202,57/95
203,38
204,44/29
205,47/00
206,48/99
207,28/00
208,04/72
209,72
210,65/85
211,50
212,24/97
213,40
214,30/07
215,55/99
216,41
217,30
218,12/96
219,09
220,14/44
221,883
222,30/66
223,36
224,47/60
225,57
226,178
227,914
228,85/28
229,32
230,25/76
231,54
232,05
233,21
234,005
235,785
236,63
237,987
238,76
239,59/63
240,39/50
241,405
242,042
243,56
244,62/43
245,77
246,85/27
247,47
248,57/63
249,64
250,95
251,824
252,786
253,64/80
254,42/75
255,55
256,41/44
257,90
258,712
259,643
260,03/60
261,024
262,90
263,04/42
264,22/40
265,04/56
266,306
267,29/41
268,18
269,21
270,78
271,67
272,491
273,75
274,20/80
275,083
276,39/05
277,30/48
278,241
279,841
280,24
281,02/19
282,83
283,145
284,09
285,01/86
286,35/96
287,14/82
288,95/94
289,86/92
290,652
291,337
292,86/48
293,26
294,92/46
295,134
296,26/50
297,28
298,084
299,48
300,40/39
301,187
302,008
303,517
304,886
305,71/78
306,98
307,10/33
308,85/65
309,81/76
310,44/99
311,00
312,431
313,164
314,099
315,305
316,980
317,93/42
318,958
319,94
320,94
321,55/60
322,84/76
323,662
324,701
325,41
326,97/90
327,76/27
328,128
329,90/44
330,13
331,32
332,96/14
333,29/09
334,233
335,327
336,153
337,08/69
338,84
339,42/97
340,79/29
341,253
342,44
343,440
344,40/73
345,646
346,95
347,179
348,811
349,01
350,97/56
351,95/95
352,25/25
353,63/08
354,80/10
355,24/14
356,74/26
357,84
358,47
359,410
360,672
361,687
362,633
363,43
364,12/37
365,54/77
366,930
367,30/32
368,97
369,80
370,51/98
371,704
372,97
373,94
374,37/03
375,102
376,52/09
377,745
378,431
379,164
380,88
381,816
382,80
383,62/26
384,09
385,428
386,92
387,541
388,13/35
389,75
390,83
391,766
392,702
393,00/55
394,953
395,37
396,46/66
397,478
398,57
399,05/79
400,389
401,52
402,734
403,52/71
404,51/77
405,136
406,352
407,069
408,98/95
409,480
410,614
411,779
412,35/65
413,078
414,999
415,62
416,77
417,20/71
418,31
419,71
420,57
421,76
422,104
423,74/70
424,621
425,10
426,736
427,34/13
428,80/92
429,24
430,57/55
431,78/32
432,136
433,68/19
434,09/81
435,95/51
436,590
437,46/24
438,616
439,70/39
440,49/79
441,84
442,24
443,749
444,118
445,41
446,41/36
447,49
448,57
449,51
450,73/86
451,12/55
452,93
453,409
454,91/71
455,823
456,135
457,24
458,45/41
459,857
460,27
461,44
462,228
463,50/65
464,22
465,40
466,39/58
467,288
468,240
469,89
470,653
471,657
472,36
473,102
474,76
475,18
476,16/02
477,379
478,70/77
479,965
480,073
481,077
482,40/49
483,25
484,741
485,71
486,319
487,06
488,517
489,79/38
490,23
491,290
492,53
493,984
494,42
495,29
496,07/73
497,70
498,716
499,03/07
500,675
501,318
502,971
503,40
504,84
505,460
506,91
507,332
508,30
509,71
510,11/81
511,74/54
512,596
513,91
514,459
515,578
516,529
517,28/43
518,66/27
519,87/12
520,399
521,37/85
522,76/61
523,51/41
524,63
525,281
526,04
527,843
528,50
529,873
530,78/09
531,83/88
532,23/06
533,74/14
534,05
535,40/98
536,65/51
537,39/05
538,39/26
539,82/07
540,09
541,18
542,510
543,20
544,02
545,09/44
546,54
547,63
548,12/94
549,007
550,24/42
551,17/93
552,26/97
553,18/16
554,677
555,64/87
556,771
557,990
558,27/16
559,59
560,90
561,87/78
562,60/88
563,02/47
564,718
565,115
566,17
567,827
568,02
569,05
570,06/84
571,47/73
572,52/85
573,53
574,98
575,76/26
576,37
577,520
578,856
579,514
580,44/36
581,00/60
582,00
583,35
584,004
585,292
586,78/35
587,63
588,46
589,62/34
590,792
591,32
592,28
593,35
594,47/36
595,83
596,90
597,27
598,24
599,53
600,921
601,55
602,45
603,20
604,672
605,101
606,02
607,134
608,79/01
609,12
610,68/68
611,60/38
612,67
613,88
614,986
615,90
616,013
617,35/71
618,06/06
619,10/79
620,337
621,187
622,270
623,77/85
624,92
625,73/56
626,360
627,86
628,70
629,69/30
630,65
631,27/56
632,51
633,059
634,610
635,14
636,97/80
637,972
638,63
639,907
640,163
641,18/32
642,762
643,269
644,735
645,10
646,40
647,83/13
648,47
649,78
650,72/30
651,823
652,55/10
653,045
654,87/16
655,47
656,35/61
657,76/76
658,68
659,48/53
660,814
661,467
662,128
663,92
664,71
665,90/11
666,19
667,10/30
668,845
669,21/76
670,81/41
671,31
672,67
673,966
674,78/07
675,56/58
676,180
677,79/22
678,48
679,13/03
680,23/92
681,67
682,71/37
683,26/80
684,89/33
685,020
686,68/59
687,720
688,67/13
689,34
690,30
691,37/47
692,35/07
693,38/25
694,914
695,08/76
696,75
697,313
698,76/20
699,716
700,55/27
701,41
702,79
703,380
704,87/59
705,97/34
706,338
707,27/51
708,711
709,94/78
710,08/17
711,61
712,335
713,15/05
714,157
715,06/60
716,39
717,169
718,86/82
719,58/71
720,83
721,07/59
722,638
723,60
724,886
725,57
726,58
727,37/67
728,36/49
729,762
730,225
731,592
732,17/02
733,93/43
734,08/31
735,92/26
736,50
737,41
738,24/58
739,03
740,813
741,37/24
742,81
743,267
744,10/18
745,428
746,289
747,89
748,88
749,600
750,523
751,23
752,90
753,393
754,66/56
755,231
756,08/19
757,543
758,24/88
759,69
760,34
761,55
762,43/31
763,901
764,069
765,559
766,57/84
767,413
768,059
769,858
770,453
771,586
772,74
773,423
774,504
775,23
776,83
777,35/89
778,60
779,920
780,588
781,60/04
782,609
783,56/69
784,70/92
785,570
786,25/58
787,64
788,008
789,527
790,330
791,315
792,71
793,78/63
794,80
795,53
796,85
797,246
798,92/96
799,655
800,556
801,56/34
802,84/55
803,84
804,56/03
805,900
806,78
807,02/37
808,72
809,53/37
810,127
811,40/49
812,25/93
813,98/20
814,87
815,18/57
816,718
817,68
818,29
819,356
820,049
821,890
822,69
823,78/63
824,546
825,168
826,92
827,52
828,128
829,93
830,61
831,55/76
832,177
833,30/13
834,75
835,925
836,504
837,51
838,51
839,68
840,607
841,171
842,33
843,45
844,20
845,30
846,00/72
847,34/63
848,885
849,800
850,31/62
851,20
852,04/39
853,78
854,20/86
855,46/95
856,742
857,876
858,21
859,753
860,50
861,09
862,71
863,90/36
864,97
865,232
866,99
867,143
868,889
869,184
870,55/00
871,83
872,22
873,088
874,53
875,584
876,919
877,26
878,89
879,737
880,83
881,63
882,87/50
883,56/33
884,56
885,83/11
886,968
887,784
888,655
889,03
890,49
891,689
892,668
893,64/95
894,64
895,225
896,59
897,585
898,51
899,82
900,96/14
901,09
902,99
903,87
904,39/40
905,936
906,543
907,878
908,25/41
909,834
910,169
911,98
912,227
913,05/74
914,66/62
915,748
916,676
917,37/99
918,77/76
919,75
920,193
921,765
922,91/76
923,505
924,611
925,861
926,18/11
927,324
928,38/00
929,42/43
930,14/76
931,42/83
932,35
933,542
934,69
935,65/53
936,00/34
937,15/98
938,38
939,71
940,78
941,202
942,11/46
943,41/66
944,801
945,788
946,05/16
947,14
948,88/11
949,89/40
950,146
951,950
952,711
953,51/28
954,29
955,70/82
956,405
957,38/07
958,82
959,91/33
960,59
961,638
962,02/09
963,473
964,65/18
965,37/28
966,56
967,49/28
968,29
969,40/08
970,19/80
971,252
972,90/29
973,86/12
974,813
975,957
976,25/74
977,61
978,566
979,562
980,704
981,693
982,91/08
983,97
984,05/93
985,08/97
986,86
987,18/20
988,562
989,29/45
990,164
991,53
992,70
993,22/15
994,84/01
995,449
996,66
997,828
998,89
999,96
1000,730
1001,62/92
1002,582
1003,78
1004,545
1005,32
1006,01/46
1007,09/17
1008,81/33
1009,979
1010,89/40
1011,000
1012,36
1013,299
1014,40/59
1015,01
1016,787
1017,47
1018,568
1019,011
1020,878
1021,14
1022,063
1023,65/16
1024,31/07
1025,39
1026,68/23
1027,77
1028,619
1029,35/04
1030,75/94
1031,868
1032,06/02
1033,956
1034,098
1035,55/40
1036,39
1037,98
1038,478
1039,80/79
1040,414
1041,31/62
1042,21/02
1043,27/82
1044,81/95
1045,143
1046,23
1047,03/87
1048,44
1049,79
1050,243
1051,89/71
1052,59/13
1053,29
1054,893
1055,76
1056,289
1057,975
1058,74/99
1059,32/86
1060,82/11
1061,20/64
1062,870
1063,96
1064,52/86
1065,59
1066,95
1067,27/48
1068,15
1069,533
1070,87
1071,15/42
1072,66
1073,326
1074,959
1075,044
1076,623
1077,58/87
1078,428
1079,86
1080,18/77
1081,70
1082,636
1083,83
1084,48/58
1085,606
1086,857
1087,08/44
1088,16/48
1089,342
1090,852
1091,033
1092,18/34
1093,76/59
1094,45
1095,76
1096,87
1097,690
1098,702
1099,136
1100,46
1101,32/23
1102,94/49
1103,73
1104,86/69
1105,53/81
1106,739
1107,213
1108,182
1109,40/29
1110,819
1111,645
1112,393
1113,09
1114,11
1115,30/73
1116,721
1117,95/39
1118,431
1119,40
1120,208
1121,68/74
1122,17
1123,38
1124,28/42
1125,43/30
1126,63/21
1127,40
1128,709
1129,54
1130,465
1131,103
1132,66
1133,37/34
1134,288
1135,297
1136,501
1137,97
1138,87/58
1139,91/43
1140,393
1141,28
1142,31/75
1143,464
1144,647
1145,606
1146,33/44
1147,14
1148,220
1149,73/36
1150,244
1151,99/37
1152,446
1153,177
1154,26
1155,70
1156,31/88
1157,451
1158,48/49
1159,345
1160,366
1161,27/12
1162,67
1163,537
1164,88/49
1165,70/83
1166,05
1167,851
1168,37/49
1169,85
1170,21/35
1171,23
1172,14
1173,417
1174,382
1175,189
1176,78
1177,70/89
1178,80/81
1179,662
1180,55
1181,13/35
1182,15
1183,43/49
1184,60
1185,898
1186,27/01
1187,63
1188,544
1189,475
1190,17/60
1191,501
1192,85/35
1193,67
1194,092
1195,99/97
1196,32/73
1197,10/16
1198,96
1199,06
1200,06/60
1201,093
1202,928
1203,51
1204,537
1205,53
1206,45/89
1207,30/14
1208,91/10
1209,63/54
1210,33/96
1211,974
1212,49
1213,00
1214,34
1215,96/87
1216,15/11
1217,22/86
1218,021
1219,27/43
1220,38
1221,92/59
1222,112
1223,121
1224,35
1225,16
1226,44/94
1227,509
1228,00/94
1229,97/74
1230,284
1231,47
1232,19/48
1233,05/60
1234,228
1235,318
1236,422
1237,22
1238,18/42
1239,359
1240,662
1241,99
1242,17/85
1243,084
1244,134
1245,909
1246,983
1247,40/60
1248,37/15
1249,497
1250,929
1251,371
1252,86
1253,02
1254,19/87
1255,56
1256,22/90
1257,607
1258,40
1259,88
1260,51/57
1261,50/64
1262,63/92
1263,70
1264,126
1265,31/21
1266,62
1267,03
1268,946
1269,88/15
1270,76/29
1271,417
1272,76/28
1273,781
1274,88/46
1275,10/15
1276,32/93
1277,61
1278,993
1279,98/56
1280,66
1281,32
1282,57
1283,78/79
1284,914
1285,241
1286,08
1287,44
1288,66
1289,53/84
1290,052
1291,291
1292,16/96
1293,110
1294,74/93
1295,00
1296,90
1297,04
1298,99
1299,864
1300,47/07
1301,81/76
1302,42
1303,859
1304,35
1305,08/50
1306,83
1307,089
1308,36
1309,77
1310,56
1311,74
1312,59
1313,82
1314,954
1315,37/52
1316,47/28
1317,65/28
1318,697
1319,05
1320,270
1321,533
1322,32
1323,72
1324,71/91
1325,24/75
1326,98
1327,174
1328,95/65
1329,56
1330,37/80
1331,56/10
1332,940
1333,69/44
1334,88
1335,285
1336,826
1337,856
1338,42/98
1339,891
1340,675
1341,522
1342,43/28
1343,88/22
1344,58
1345,758
1346,694
1347,99
1348,74/97
1349,730
1350,76
1351,99/50
1352,88
1353,67
1354,014
1355,91
1356,40/34
1357,44/02
1358,20
1359,63
1360,13
1361,77/32
1362,27
1363,06/28
1364,15/55
1365,38/83
1366,23
1367,98/89
1368,831
1369,57/53
1370,18
1371,06/15
1372,683
1373,990
1374,041
1375,84
1376,51/88
1377,494
1378,825
1379,23/01
1380,64
1381,631
1382,65/55
1383,432
1384,672
1385,08/89
1386,17
1387,95/37
1388,99
1389,94/97
1390,20/74
1391,673
1392,54
1393,784
1394,350
1395,13/93
1396,527
1397,31/38
1398,48/19
1399,11
1400,055
1401,307
1402,670
1403,00/39
1404,679
1405,904
1406,62/59
1407,20
1408,68/90
1409,87
1410,160
1411,37/65
1412,00/17
1413,24/58
1414,21
1415,465
1416,02
1417,986
1418,64/26
1419,712
1420,98/15
1421,669
1422,37
1423,652
1424,52/61
1425,40/70
1426,57/15
1427,00
1428,957
1429,466
1430,23
1431,818
1432,48/13
1433,191
1434,856
1435,15
1436,60
1437,283
1438,31/00
1439,79
1440,04/43
1441,17/56
1442,70
1443,040
1444,54
1445,37
1446,93
1447,91/02
1448,92/91
1449,32/59
1450,31/00
1451,042
1452,881
1453,28/26
1454,460
1455,857
1456,35
1457,53
1458,788
1459,31
1460,71
1461,92/26
1462,72
1463,81
1464,95
1465,82
1466,020
1467,35/97
1468,61/58
1469,69/98
1470,06/16
1471,061
1472,47
1473,888
1474,70
1475,88
1476,34
1477,057
1478,215
1479,76/45
1480,06/51
1481,10/98
1482,376
1483,693
1484,41
1485,34/04
1486,15/44
1487,15
1488,851
1489,61
1490,050
1491,126
1492,55
1493,51
1494,15/58
1495,733
1496,030
1497,815
1498,480
1499,336
1500,90
1501,166
1502,60/49
1503,103
1504,124
1505,402
1506,75/94
1507,00
1508,959
1509,97
1510,81
1511,80
1512,525
1513,59
1514,918
1515,39
1516,77/63
1517,84
1518,87/10
1519,12/73
1520,30/13
1521,18/40
1522,11/52
1523,82/35
1524,16
1525,18/27
1526,090
1527,44
1528,21/28
1529,91
1530,636
1531,79/97
1532,867
1533,42
1534,28/49
1535,020
1536,70
1537,02/62
1538,23/46
1539,85/67
1540,41/95
1541,60/30
1542,26/98
1543,79/93
1544,28
1545,057
1546,14
1547,79
1548,871
1549,79
1550,786
1551,80
1552,38
1553,156
1554,178
1555,86
1556,09
1557,50/47
1558,201
1559,84/62
1560,38
1561,895
1562,427
1563,000
1564,31
1565,68
1566,437
1567,91
1568,557
1569,931
1570,06
1571,325
1572,707
1573,24
1574,657
1575,292
1576,611
1577,04
1578,780
1579,73
1580,587
1581,65
1582,134
1583,01/38
1584,44/19
1585,219
1586,53
1587,02/40
1588,437
1589,262
1590,888
1591,46
1592,01/05
1593,13
1594,770
1595,32
1596,31
1597,845
1598,19
1599,24
1600,91
1601,75/68
1602,40/89
1603,21
1604,329
1605,41/61
1606,709
1607,010
1608,34
1609,219
1610,86
1611,89
1612,57
1613,94/76
1614,459
1615,049
1616,78/24
1617,84
1618,93
1619,83/16
1620,98
1621,900
1622,09
1623,88
1624,80/19
1625,912
1626,326
1627,17
1628,27/46
1629,45
1630,506
1631,169
1632,04/03
1633,827
1634,93
1635,04
1636,02
1637,08/32
1638,450
1639,27/69
1640,71
1641,80/91
1642,39/54
1643,969
1644,89
1645,44/66
1646,394
1647,52/35
1648,28
1649,45/30
1650,806
1651,41
1652,68
1653,455
1654,176
1655,71
1656,48/96
1657,049
1658,78
1659,233
1660,361
1661,060
1662,41
1663,27
1664,668
1665,77/76
1666,408
1667,95
1668,72
1669,43
1670,98
1671,18/41
1672,749
1673,534
1674,52/09
1675,64
1676,258
1677,32/10
1678,34
1679,54/85
1680,87/46
1681,62
1682,22/20
1683,570
1684,200
1685,408
1686,141
1687,69
1688,13/46
1689,28
1690,975
1691,024
1692,93/23
1693,40/05
1694,80/66
1695,10
1696,27/26
1697,24/08
1698,10/70
1699,45/30
1700,98/89
1701,40/21
1702,35/23
1703,424
1704,329
1705,09
1706,550
1707,36/04
1708,05/77
1709,150
1710,56/10
1711,42
1712,27/01
1713,58
1714,12/09
1715,872
1716,409
1717,21
1718,956
1719,003
1720,572
1721,32
1722,401
1723,61
1724,27
1725,448
1726,33
1727,593
1728,99/32
1729,91
1730,25
1731,74
1732,97
1733,983
1734,14
1735,935
1736,79
1737,192
1738,381
1739,38
1740,84
1741,047
1742,77
1743,91/51
1744,870
1745,46/44
1746,279
1747,01/12
1748,26
1749,26
1750,76
1751,47/28
1752,58
1753,92/61
1754,57/31
1755,312
1756,04/26
1757,81/01
1758,949
1759,02
1760,874
1761,45/17
1762,283
1763,83/65
1764,33/94
1765,86
1766,27
1767,656
1768,64
1769,34/27
1770,101
1771,328
1772,14
1773,776
1774,050
1775,49/35
1776,30
1777,25/75
1778,72
1779,68
1780,36/04
1781,416
1782,382
1783,372
1784,31/69
1785,49/29
1786,74/80
1787,31/23
1788,95
1789,66
1790,26/02
1791,69/61
1792,08
1793,83/09
1794,27
1795,90
1796,08
1797,24/68
1798,289
1799,04
1800,79
1801,079
1802,38/33
1803,143
1804,195
1805,26
1806,99/51
1807,16
1808,90/59
1809,18/78
1810,57
1811,50/01
1812,63/46
1813,57/56
1814,610
1815,398
1816,45/48
1817,68
1818,49/30
1819,267
1820,146
1821,72/32
1822,45
1823,11/81
1824,733
1825,25
1826,604
1827,54
1828,13/35
1829,54/44
1830,82/82
1831,57
1832,82
1833,00
1834,63/22
1835,38
1836,70
1837,69/20
1838,843
1839,99
1840,611
1841,480
1842,11
1843,80/75
1844,51
1845,37/93
1846,10/18
1847,08
1848,32/42
1849,21/54
1850,42
1851,41/67
1852,04
1853,235
1854,240
1855,312
1856,079
1857,221
1858,15
1859,966
1860,197
1861,04/29
1862,148
1863,53
1864,97
1865,72
1866,52
1867,77/54
1868,945
1869,332
1870,13
1871,94
1872,472
1873,79/88
1874,550
1875,35
1876,838
1877,43/69
1878,83
1879,34
1880,22
1881,42
1882,27/46
1883,20
1884,484
1885,65/11
1886,41
1887,40
1888,44
1889,67
1890,14/16
1891,31
1892,248
1893,20
1894,91
1895,41
1896,40
1897,492
1898,22
1899,74/77
1900,05/58
1901,856
1902,78
1903,39
1904,00/01
1905,27/84
1906,616
1907,54/32
1908,484
1909,702
1910,506
1911,46/20
1912,369
1913,54/33
1914,32/40
1915,65
1916,32
1917,08
1918,399
1919,96
1920,32/67
1921,37
1922,42/34
1923,32
1924,84
1925,003
1926,07
1927,20/57
1928,94
1929,67
1930,317
1931,35
1932,59
1933,85
1934,39
1935,68
1936,30
1937,80
1938,17/57
1939,303
1940,91
1941,60/57
1942,383
1943,489
1944,92
1945,70/40
1946,20/45
1947,11/62
1948,79
1949,33
1950,630
1951,88
1952,67/01
1953,11
1954,902
1955,71
1956,55/73
1957,444
1958,160
1959,744
1960,77/07
1961,67/56
1962,38/03
1963,45/78
1964,77
1965,74/29
1966,871
1967,743
1968,22/37
1969,239
1970,81/19
1971,713
1972,72/80
1973,04/73
1974,404
1975,157
1976,43
1977,40/55
1978,84/01
1979,34/52
1980,387
1981,26
1982,627
1983,41/50
1984,36
1985,378
1986,39
1987,35/82
1988,19
1989,026
1990,499
1991,82/78
1992,04/51
1993,93
1994,362
1995,42
1996,41/54
1997,08/85
1998,37/09
1999,05/74
2000,20/92
2001,461
2002,73/45
2003,43/40
2004,10
2005,126
2006,021
2007,047
2008,12
2009,77
2010,49
2011,12
2012,320
2013,02/87
2014,131
2015,214
2016,368
2017,16/64
2018,63/04
2019,07
2020,919
2021,29
2022,641
2023,92/40
2024,77/87
2025,52
2026,109
2027,07/35
2028,41/89
2029,07/63
2030,42
2031,24/19
2032,47/68
2033,915
2034,63
2035,66
2036,071
2037,94
2038,261
2039,03/12
2040,76
2041,62/56
2042,768
2043,66
2044,424
2045,01
2046,25
2047,847
2048,41
2049,90/55
2050,59
2051,135
2052,78/98
2053,17/22
2054,097
2055,001
2056,71
2057,26/73
2058,819
2059,21/54
2060,030
2061,46
2062,82/32
2063,72/08
2064,882
2065,740
2066,22
2067,799
2068,79/79
2069,38
2070,14
2071,14/42
2072,33/76
2073,69
2074,387
2075,79/20
2076,09
2077,49/32
2078,674
2079,62/55
2080,28/52
2081,14/51
2082,87/99
2083,87/49
2084,82/84
2085,823
2086,020
2087,00/66
2088,498
2089,86
2090,868
2091,47
2092,69/35
2093,36/77
2094,97/14
2095,14/95
2096,835
2097,20
2098,05
2099,69
2100,57
2101,98/58
2102,973
2103,81
2104,15/13
2105,356
2106,69
2107,05/01
2108,39
2109,164
2110,598
2111,769
2112,33
2113,083
2114,62
2115,82/88
2116,387
2117,38/73
2118,240
2119,59
2120,03
2121,08
2122,45/74
2123,00
2124,22/85
2125,385
2126,19/34
2127,51
2128,020
2129,168
2130,453
2131,66/48
2132,46/01
2133,714
2134,141
2135,74
2136,203
2137,26
2138,69/73
2139,031
2140,89
2141,77
2142,357
2143,423
2144,14/22
2145,020
2146,905
2147,43
2148,09
2149,253
2150,016
2151,153
2152,14/23
2153,39
2154,20/91
2155,63
2156,742
2157,15
2158,04/54
2159,85/14
2160,26/17
2161,30/78
2162,03/81
2163,06/23
2164,376
2165,00/86
2166,191
2167,53
2168,609
2169,85
2170,17/93
2171,264
2172,30
2173,307
2174,112
2175,526
2176,46/50
2177,87/02
2178,299
2179,09/23
2180,65
2181,70
2182,61
2183,35
2184,759
2185,02
2186,702
2187,631
2188,78
2189,05
2190,50
2191,38/19
2192,62
2193,82/01
2194,677
2195,417
2196,257
2197,60/34
2198,114
2199,48/99
2200,170
2201,120
2202,40/13
2203,97
2204,912
2205,29
2206,17
2207,146
2208,33
2209,66/10
2210,881
2211,51/43
2212,28
2213,61/03
2214,94/68
2215,58
2216,86/09
2217,61
2218,96
2219,48/00
2220,49
2221,913
2222,569
2223,14
2224,45/47
2225,687
2226,76/35
2227,86
2228,90
2229,960
2230,97
2231,640
2232,66
2233,15/72
2234,329
2235,02
2236,983
2237,51/92
2238,14
2239,382
2240,67/02
2241,30
2242,27
2243,43/91
2244,80/38
2245,82/52
2246,298
2247,65
2248,52/97
2249,728
2250,420
2251,73
2252,87
2253,66
2254,70
2255,74
2256,234
2257,89/32
2258,62
2259,44/52
2260,72
2261,92
2262,70
2263,355
2264,99
2265,31
2266,93
2267,99/98
2268,73
2269,809
2270,95
2271,81
2272,807
2273,424
2274,29
2275,304
2276,104
2277,05/88
2278,333
2279,17/41
2280,32/60
2281,51
2282,71
2283,61/49
2284,05/27
2285,24
2286,03/59
2287,10/43
2288,434
2289,315
2290,45
2291,72/68
2292,30/11
2293,978
2294,66
2295,474
2296,05/43
2297,38
2298,69
2299,57
2300,030
2301,080
2302,73/67
2303,29
2304,35
2305,27
2306,057
2307,84
2308,60/33
2309,55
2310,63/81
2311,60/13
2312,88/24
2313,994
2314,198
2315,76
2316,08/30
2317,62
2318,140
2319,146
2320,96
2321,24/06
2322,17/74
2323,894
2324,84/26
2325,585
2326,17/19
2327,12
2328,259
2329,71
2330,98/01
2331,44/52
2332,85/37
2333,505
2334,044
2335,40/12
2336,74/75
2337,323
2338,53/27
2339,40/82
2340,42
2341,39/92
2342,562
2343,74
2344,55/25
2345,32/59
2346,08/11
2347,276
2348,36/22
2349,996
2350,98
2351,01
2352,87
2353,19/27
2354,20
2355,393
2356,50/55
2357,038
2358,50/96
2359,56
2360,91
2361,55
2362,90
2363,062
2364,90
2365,88
2366,74/55
2367,55/48
2368,356
2369,14/47
2370,50
2371,80
2372,24/36
2373,379
2374,78/95
2375,99
2376,85
2377,60/69
2378,943
2379,87/86
2380,22
2381,649
2382,006
2383,61
2384,715
2385,12/75
2386,237
2387,86/10
2388,462
2389,46
2390,93/25
2391,263
2392,007
2393,86
2394,67/78
2395,72
2396,17/86
2397,79
2398,597
2399,468
2400,81/72
2401,447
2402,188
2403,23
2404,59
2405,54/97
2406,50/13
2407,272
2408,31
2409,301
2410,75
2411,04/63
2412,89
2413,83/26
2414,870
2415,99
2416,752
2417,39/87
2418,78
2419,409
2420,063
2421,27/34
2422,63/37
2423,09/33
2424,103
2425,43
2426,83
2427,09
2428,81/54
2429,88
2430,77
2431,17/23
2432,37/50
2433,339
2434,810
2435,54
2436,663
2437,934
2438,44
2439,429
2440,65/65
2441,54
2442,07
2443,13/39
2444,39/38
2445,513
2446,94
2447,912
2448,31
2449,11
2450,28/03
2451,827
2452,997
2453,38
2454,20/79
2455,01/74
2456,07/13
2457,343
2458,57/09
2459,49
2460,656
2461,137
2462,08
2463,552
2464,765
2465,09/15
2466,23
2467,004
2468,584
2469,525
2470,55/88
2471,05/75
2472,335
2473,45
2474,791
2475,14
2476,973
2477,48/97
2478,03/12
2479,412
2480,71
2481,27
2482,635
2483,575
2484,38/10
2485,11/39
2486,490
2487,90
2488,59
2489,08/91
2490,39
2491,051
2492,54
2493,73
2494,79
2495,582
2496,41
2497,81
2498,850
2499,80/41
2500,39/29
2501,548
2502,18/33
2503,280
2504,029
2505,741
2506,12
2507,81
2508,17/55
2509,33
2510,27/51
2511,67/65
2512,27
2513,60
2514,713
2515,24
2516,735
2517,42
2518,58
2519,12
2520,703
2521,896
2522,09/54
2523,09
2524,74
2525,76
2526,385
2527,634
2528,24
2529,195
2530,52/68
2531,29/99
2532,14
2533,45
2534,80
2535,55
2536,41
2537,981
2538,89/86
2539,02
2540,04/12
2541,506
2542,41
2543,43
2544,33/49
2545,26/33
2546,323
2547,658
2548,46
2549,79
2550,44
2551,424
2552,79/21
2553,78
2554,52
2555,44/42
2556,36/23
2557,37
2558,30/03
2559,260
2560,20/81
2561,50/97
2562,819
2563,36
2564,21
2565,11/70
2566,38/13
2567,926
2568,06
2569,89/93
2570,38
2571,65/51
2572,166
2573,383
2574,43
2575,92
2576,10
2577,88
2578,31
2579,84/18
2580,36/76
2581,80
2582,958
2583,36
2584,672
2585,420
2586,08/69
2587,04/77
2588,19
2589,48
2590,565
2591,594
2592,901
2593,636
2594,310
2595,041
2596,43
2597,655
2598,01/84
2599,54/38
2600,36
2601,683
2602,374
2603,73
2604,989
2605,21
2606,31
2607,80
2608,03
2609,43/62
2610,05
2611,03
2612,019
2613,06
2614,50
2615,503
2616,08/47
2617,04/51
2618,424
2619,040
2620,16
2621,490
2622,62/25
2623,21/72
2624,43
2625,06/46
2626,98
2627,945
2628,60/92
2629,05
2630,003
2631,80/90
2632,979
2633,63
2634,67
2635,29
2636,23/42
2637,72
2638,955
2639,364
2640,70/98
2641,01
2642,13
2643,387
2644,831
2645,87/07
2646,360
2647,04
2648,23
2649,427
2650,68
2651,850
2652,97
2653,51/22
2654,621
2655,74/44
2656,77/83
2657,431
2658,26/58
2659,05/34
2660,251
2661,07
2662,42/56
2663,08/99
2664,147
2665,906
2666,36
2667,275
2668,83/77
2669,98
2670,758
2671,67/70
2672,13
2673,52
2674,32
2675,04
2676,76/12
2677,95
2678,93/28
2679,23/19
2680,33/59
2681,35
2682,169
2683,33/89
2684,232
2685,08
2686,855
2687,60/16
2688,21
2689,570
2690,43/17
2691,65
2692,761
2693,92/05
2694,77/86
2695,13
2696,773
2697,38/40
2698,40/24
2699,26/40
2700,993
2701,319
2702,97/24
2703,789
2704,72/35
2705,12/86
2706,459
2707,086
2708,16/20
2709,78/42
2710,616
2711,58/60
2712,88/52
2713,92/39
2714,872
2715,426
2716,559
2717,91
2718,21/15
2719,58
2720,085
2721,49
2722,71/66
2723,86
2724,337
2725,97/91
2726,56/27
2727,34/01
2728,575
2729,20/99
2730,66/48
2731,508
2732,294
2733,400
2734,664
2735,16
2736,90
2737,229
2738,92
2739,424
2740,31
2741,23/10
2742,34/77
2743,34/78
2744,30
2745,66/87
2746,98/06
2747,113
2748,71
2749,67/96
2750,061
2751,51/72
2752,01
2753,532
2754,72/86
2755,500
2756,73
2757,524
2758,15/25
2759,72
2760,62
2761,430
2762,64/02
2763,61
2764,076
2765,88/56
2766,14/53
2767,00/14
2768,11
2769,084
2770,038
2771,515
2772,087
2773,250
2774,33
2775,497
2776,398
2777,69
2778,210
2779,217
2780,901
2781,079
2782,83/00
2783,582
2784,043
2785,147
2786,79/21
2787,358
2788,95/25
2789,32
2790,858
2791,30
2792,707
2793,98/73
2794,677
2795,49/34
2796,422
2797,571
2798,40/46
2799,593
2800,89/08
2801,678
2802,68
2803,159
2804,35
2805,41
2806,68/49
2807,04
2808,62
2809,888
2810,378
2811,07
2812,243
2813,94/23
2814,560
2815,31/21
2816,10/70
2817,356
2818,87/79
2819,995
2820,200
2821,511
2822,561
2823,09
2824,47
2825,51
2826,07/99
2827,55/62
2828,894
2829,796
2830,80/42
2831,53/13
2832,374
2833,92/89
2834,98
2835,95
2836,971
2837,036
2838,95/27
2839,92
2840,810
2841,27/68
2842,72
2843,718
2844,08
2845,98
2846,634
2847,907
2848,03/85
2849,03/90
2850,994
2851,42
2852,92/23
2853,277
2854,516
2855,44/24
2856,35
2857,551
2858,03
2859,221
2860,42/92
2861,78/74
2862,51
2863,68/68
2864,578
2865,912
2866,375
2867,37/33
2868,658
2869,24/93
2870,25
2871,631
2872,142
2873,232
2874,42/65
2875,100
2876,738
2877,78/66
2878,71
2879,09
2880,61
2881,412
2882,72/22
2883,60
2884,61
2885,102
2886,31
2887,43
2888,82/79
2889,39/74
2890,04
2891,668
2892,52
2893,08
2894,153
2895,36
2896,001
2897,86
2898,36/65
2899,79/66
2900,88/72
2901,65/84
2902,505
2903,57
2904,32
2905,165
2906,730
2907,99/35
2908,12/13
2909,057
2910,56/00
2911,318
2912,77
2913,473
2914,171
2915,88
2916,45
2917,02
2918,53/87
2919,75
2920,172
2921,48
2922,48
2923,564
2924,99
2925,23
2926,25/09
2927,90
2928,188
2929,33/02
2930,51/44
2931,63/46
2932,61
2933,53/53
2934,680
2935,683
2936,36
2937,714
2938,19
2939,81
2940,87
2941,59/17
2942,956
2943,53/12
2944,321
2945,27
2946,95/51
2947,45/67
2948,68/84
2949,645
2950,73/50
2951,23
2952,61/25
2953,728
2954,179
2955,20
2956,03/59
2957,31/74
2958,09/22
2959,26
2960,760
2961,16/50
2962,27
2963,27
2964,69
2965,61/95
2966,71/68
2967,16
2968,62/66
2969,70/45
2970,75
2971,551
2972,96/60
2973,47/77
2974,07
2975,31
2976,84
2977,02/70
2978,834
2979,935
2980,562
2981,26
2982,76/95
2983,036
2984,85
2985,848
2986,197
2987,17
2988,41
2989,15/62
2990,743
2991,991
2992,337
2993,29/83
2994,429
2995,63
2996,80/36
2997,73/83
2998,07/05
2999,61/99
3000,25
3001,356
3002,90/00
3003,048
3004,40
3005,59/19
3006,19/32
3007,616
3008,64/55
3009,793
3010,68
3011,71/73
3012,763
3013,75
3014,33/26
3015,731
3016,33
3017,90/62
3018,97
3019,60
3020,922
3021,07/61
3022,83
3023,61/91
3024,80
3025,14/90
3026,87
3027,34
3028,31/60
3029,16
3030,99/80
3031,80
3032,12
3033,800
3034,50
3035,668
3036,29/10
3037,25
3038,88
3039,584
3040,448
3041,616
3042,85
3043,90/54
3044,15
3045,166
3046,970
3047,729
3048,02
3049,445
3050,87/73
3051,780
3052,660
3053,53
3054,22/81
3055,08
3056,86/22
3057,08
3058,677
3059,23
3060,247
3061,97
3062,366
3063,000
3064,437
3065,92/84
3066,18/17
3067,739
3068,39
3069,26/95
3070,10/24
3071,47
3072,87/19
3073,44
3074,887
3075,51
3076,07
3077,611
3078,32/62
3079,25/98
3080,64
3081,551
3082,491
3083,15/63
3084,46
3085,722
3086,53/15
3087,94/62
3088,197
3089,451
3090,33
3091,650
3092,60
3093,44
3094,74
3095,405
3096,232
3097,77
3098,68
3099,66
3100,001
3101,38/02
3102,816
3103,91/16
3104,86/57
3105,40/37
3106,35/16
3107,22
3108,619
3109,706
3110,802
3111,61
3112,066
3113,70/28
3114,079
3115,00
3116,07/81
3117,123
3118,85
3119,29
3120,413
3121,800
3122,05/36
3123,255
3124,858
3125,525
3126,29
3127,221
3128,15/38
3129,461
3130,249
3131,554
3132,65/91
3133,01/47
3134,96
3135,30
3136,80/70
3137,43/25
3138,41
3139,67
3140,34
3141,669
3142,33/06
3143,314
3144,65/81
3145,42/42
3146,53
3147,203
3148,049
3149,85/91
3150,62/62
3151,843
3152,00/82
3153,993
3154,827
3155,871
3156,92/30
3157,01/47
3158,97
3159,493
3160,31
3161,302
3162,26
3163,078
3164,61
3165,89
3166,77/94
3167,604
3168,97
3169,60
3170,56/94
3171,66
3172,31
3173,46/38
3174,806
3175,96/04
3176,04/03
3177,59
3178,757
3179,39/71
3180,81/96
3181,719
3182,79/04
3183,32/69
3184,04
3185,26/80
3186,27
3187,25
3188,01/27
3189,71/12
3190,96
3191,29/00
3192,18/01
3193,82
3194,16/03
3195,506
3196,92
3197,01
3198,306
3199,171
3200,835
3201,78
3202,01
3203,85
3204,39/89
3205,946
3206,667
3207,027
3208,88/18
3209,87/63
3210,489
3211,06
3212,89
3213,29
3214,75/19
3215,883
3216,31/24
3217,38
3218,558
3219,59
3220,24
3221,466
3222,74
3223,44/96
3224,30
3225,914
3226,29/49
3227,508
3228,66
3229,11/75
3230,75/95
3231,656
3232,39/72
3233,507
3234,15/01
3235,03
3236,40
3237,39/90
3238,92
3239,94
3240,047
3241,00/60
3242,13/14
3243,40/05
3244,631
3245,33/07
3246,458
3247,81
3248,855
3249,438
3250,529
3251,11/17
3252,74/26
3253,905
3254,10/55
3255,698
3256,950
3257,52
3258,989
3259,23
3260,55/54
3261,42
3262,60
3263,654
3264,75/35
3265,57/33
3266,32
3267,93
3268,20
3269,12/93
3270,86
3271,62
3272,105
3273,57
3274,337
3275,76/70
3276,27/05
3277,73
3278,68
3279,612
3280,016
3281,07
3282,756
3283,443
3284,893
3285,813
3286,154
3287,53
3288,122
3289,935
3290,82/37
3291,26/36
3292,566
3293,053
3294,65
3295,25
3296,12/68
3297,564
3298,908
3299,68/83
3300,592
3301,40
3302,164
3303,38/71
3304,37/04
3305,59
3306,369
3307,018
3308,16
3309,93
3310,54/26
3311,53
3312,46/52
3313,33
3314,385
3315,002
3316,238
3317,37
3318,77
3319,17/34
3320,233
3321,481
3322,14
3323,11
3324,61
3325,43
3326,646
3327,859
3328,28/89
3329,87
3330,914
3331,925
3332,15
3333,45
3334,64
3335,13/57
3336,53
3337,897
3338,466
3339,14/99
3340,08
3341,681
3342,706
3343,21/56
3344,883
3345,70/08
3346,99
3347,34/58
3348,363
3349,136
3350,63
3351,705
3352,47/68
3353,59/90
3354,24/95
3355,584
3356,25/75
3357,77
3358,217
3359,541
3360,182
3361,88
3362,98
3363,391
3364,15/72
3365,84/60
3366,42/89
3367,23
3368,70/35
3369,79/36
3370,92/84
3371,690
3372,610
3373,075
3374,72/66
3375,550
3376,80/45
3377,902
3378,67
3379,66
3380,24
3381,397
3382,53/63
3383,93/26
3384,73/99
3385,40
3386,70
3387,68
3388,41
3389,44
3390,87
3391,23/89
3392,353
3393,696
3394,22
3395,39/47
3396,42
3397,80/44
3398,836
3399,672
3400,056
3401,70/86
3402,429
3403,49
3404,80/21
3405,36
3406,18
3407,25
3408,00/20
3409,03/07
3410,219
3411,901
3412,14
3413,519
3414,26
3415,22/02
3416,967
3417,00
3418,48
3419,78/75
3420,77/30
3421,62/26
3422,26
3423,25/27
3424,491
3425,19
3426,211
3427,061
3428,82/83
3429,115
3430,715
3431,91
3432,136
3433,450
3434,26/46
3435,28
3436,03
3437,41
3438,15
3439,31
3440,63
3441,886
3442,88/79
3443,872
3444,876
3445,25/63
3446,05
3447,79/22
3448,92
3449,455
3450,17/55
3451,47
3452,17/08
3453,406
3454,46
3455,18/26
3456,76/20
3457,39
3458,03
3459,75
3460,90/96
3461,64/74
3462,06
3463,383
3464,55/16
3465,25/29
3466,80
3467,561
3468,88
3469,418
3470,014
3471,34
3472,906
3473,33/95
3474,01/27
3475,836
3476,52
3477,62/33
3478,158
3479,124
3480,11/29
3481,07
3482,19/19
3483,63/37
3484,283
3485,43/78
3486,38
3487,191
3488,91/46
3489,39
3490,14/07
3491,08
3492,12/35
3493,356
3494,71
3495,517
3496,57/11
3497,45
3498,911
3499,881
3500,50
3501,00/62
3502,119
3503,68/27
3504,72
3505,24
3506,998
3507,37
3508,20/07
3509,83
3510,83
3511,73/45
3512,97
3513,302
3514,11
3515,181
3516,79/28
3517,69
3518,088
3519,04
3520,085
3521,005
3522,102
3523,47/28
3524,12
3525,09/24
3526,501
3527,49
3528,43
3529,60
3530,55/19
3531,41/26
3532,678
3533,51/95
3534,792
3535,62/55
3536,79/83
3537,53/78
3538,02/95
3539,020
3540,98/09
3541,05
3542,12/16
3543,910
3544,605
3545,65
3546,627
3547,12/78
3548,550
3549,00
3550,099
3551,07
3552,15/70
3553,08/76
3554,572
3555,15
3556,29/76
3557,92
3558,960
3559,47/12
3560,41
3561,04/03
3562,460
3563,55
3564,59/99
3565,68
3566,06/37
3567,46/37
3568,53
3569,61
3570,33
3571,57/80
3572,867
3573,680
3574,689
3575,69
3576,89/28
3577,06/63
3578,70
3579,502
3580,83/90
3581,15/59
3582,395
3583,841
3584,65/93
3585,14/51
3586,10
3587,884
3588,98/23
3589,101
3590,927
3591,43
3592,36
3593,50
3594,09
3595,101
3596,556
3597,32/91
3598,93/35
3599,864
3600,516
3601,183
3602,97
3603,42/34
3604,433
3605,34
3606,292
3607,09
3608,45/13
3609,715
3610,40
3611,634
3612,308
3613,91
3614,10
3615,604
3616,82
3617,52/28
3618,82
3619,31
3620,53
3621,066
3622,573
3623,09
3624,31
3625,28/85
3626,65
3627,91
3628,074
3629,85/22
3630,209
3631,663
3632,37
3633,419
3634,470
3635,647
3636,765
3637,49
3638,09/20
3639,11
3640,40
3641,537
3642,977
3643,097
3644,841
3645,95/63
3646,76/03
3647,934
3648,245
3649,45/83
3650,60/01
3651,74/58
3652,99/71
3653,83/15
3654,68
3655,82/00
3656,06
3657,62
3658,80/17
3659,82/48
3660,600
3661,64
3662,36/72
3663,46
3664,46/02
3665,31
3666,52
3667,60/85
3668,17
3669,00/61
3670,48/49
3671,50
3672,73
3673,66
3674,286
3675,38/31
3676,868
3677,01/78
3678,19
3679,60
3680,11
3681,31
3682,28/67
3683,986
3684,94/76
3685,23
3686,49
3687,10
3688,42/29
3689,54/48
3690,38/16
3691,33/23
3692,87/37
3693,14
3694,55/86
3695,02/37
3696,95/19
3697,86
3698,42/52
3699,49/96
3700,856
3701,51/87
3702,46/05
3703,36
3704,27/16
3705,714
3706,05/95
3707,67
3708,94/90
3709,37/26
3710,99
3711,70/05
3712,857
3713,113
3714,14/15
3715,233
3716,667
3717,34
3718,18/18
3719,255
3720,657
3721,14/14
3722,097
3723,27
3724,27
3725,585
3726,10
3727,25/90
3728,345
3729,286
3730,83
3731,19
3732,91/48
3733,63/18
3734,11
3735,99/52
3736,04/91
3737,88
3738,37
3739,13/69
3740,012
3741,43
3742,71
3743,908
3744,23
3745,55/98
3746,93/35
3747,429
3748,182
3749,408
3750,141
3751,47
3752,88
3753,70/06
3754,360
3755,993
3756,55
3757,69/48
3758,343
3759,99
3760,25/15
3761,42
3762,05/18
3763,10
3764,82/30
3765,85
3766,89
3767,301
3768,510
3769,971
3770,03/61
3771,780
3772,509
3773,67/96
3774,99
3775,52
3776,964
3777,21/69
3778,602
3779,50
3780,04
3781,98/06
3782,26/68
3783,157
3784,718
3785,86/35
3786,24
3787,731
3788,21/53
3789,93/12
3790,49/77
3791,68/36
3792,62
3793,09
3794,14/90
3795,92
3796,177
3797,506
3798,33/85
3799,363
3800,12
3801,04
3802,92
3803,26/07
3804,399
3805,95/39
3806,66/90
3807,869
3808,52/44
3809,05
3810,34
3811,17
3812,03
3813,14/49
3814,88
3815,27/18
3816,13/10
3817,39/33
3818,17
3819,26/36
3820,65/46
3821,73/09
3822,489
3823,85/52
3824,15
3825,54/63
3826,189
3827,46
3828,57
3829,71
3830,74/32
3831,836
3832,454
3833,73/65
3834,121
3835,90/84
3836,70/57
3837,72/41
3838,69/31
3839,872
3840,399
3841,56/09
3842,78
3843,46
3844,673
3845,795
3846,612
3847,56/61
3848,981
3849,06
3850,80
3851,07
3852,961
3853,983
3854,399
3855,44/70
3856,70/84
3857,67/85
3858,60
3859,729
3860,092
3861,384
3862,25
3863,30
3864,881
3865,719
3866,85
3867,374
3868,347
3869,930
3870,521
3871,74/39
3872,29
3873,24/07
3874,42
3875,854
3876,402
3877,25/03
3878,71
3879,57
3880,06/16
3881,822
3882,72/01
3883,85/26
3884,245
3885,011
3886,899
3887,45
3888,132
3889,822
3890,13/42
3891,30/03
3892,10
3893,23/59
3894,93
3895,82/81
3896,76/08
3897,140
3898,53/17
3899,74
3900,50
3901,26
3902,933
3903,74/38
3904,28/63
3905,765
3906,163
3907,69
3908,603
3909,80
3910,49
3911,53/78
3912,918
3913,295
3914,35
3915,08/48
3916,712
3917,830
3918,42/22
3919,19
3920,31/74
3921,81/85
3922,36/55
3923,53
3924,01
3925,82/51
3926,22
3927,63/26
3928,484
3929,50
3930,79/15
3931,02
3932,809
3933,323
3934,861
3935,29/45
3936,84/84
3937,23/59
3938,69
3939,245
3940,81/47
3941,40/72
3942,490
3943,205
3944,96/78
3945,30
3946,41
3947,77/88
3948,084
3949,80
3950,04/69
3951,89
3952,32
3953,67
3954,86/71
3955,61
3956,924
3957,40
3958,58/48
3959,941
3960,89/89
3961,02/28
3962,963
3963,122
3964,75/84
3965,84/40
3966,60/20
3967,72/91
3968,46
3969,838
3970,85/32
3971,466
3972,390
3973,66
3974,09/27
3975,25
3976,46
3977,148
3978,32/74
3979,86
3980,94/29
3981,52
3982,52/37
3983,737
3984,43
3985,75
3986,918
3987,24/52
3988,24
3989,30/85
3990,764
3991,00/51
3992,348
3993,966
3994,40
3995,87
3996,45/07
3997,40/58
3998,12/23
3999,58/78
4000,31
4001,09
4002,686
4003,18
4004,49
4005,44
4006,820
4007,65/50
4008,714
4009,30/89
4010,22
4011,70
4012,95
4013,32
4014,508
4015,08/76
4016,00/85
4017,94
4018,92
4019,040
4020,896
4021,59/79
4022,19/35
4023,896
4024,008
4025,723
4026,85
4027,77/69
4028,50
4029,548
4030,16/43
4031,29
4032,90
4033,98/79
4034,93/62
4035,280
4036,50/72
4037,40/18
4038,490
4039,23
4040,15/72
4041,08
4042,126
4043,290
4044,33/93
4045,26
4046,114
4047,68
4048,963
4049,652
4050,232
4051,28
4052,690
4053,666
4054,88/23
4055,43
4056,423
4057,390
4058,08
4059,90
4060,69
4061,13
4062,12/66
4063,16
4064,40/04
4065,51/88
4066,311
4067,709
4068,513
4069,810
4070,78
4071,88
4072,180
4073,401
4074,419
4075,545
4076,29
4077,04/09
4078,231
4079,62/04
4080,89/68
4081,06
4082,83/79
4083,09
4084,98
4085,22/06
4086,57/99
4087,37
4088,99/97
4089,23/31
4090,35/92
4091,44/28
4092,56
4093,237
4094,071
4095,14
4096,86
4097,00/45
4098,96
4099,68/04
4100,74
4101,37/12
4102,78
4103,537
4104,64
4105,36
4106,115
4107,95
4108,89/89
4109,332
4110,10
4111,23/85
4112,193
4113,70
4114,641
4115,959
4116,373
4117,904
4118,94
4119,86/30
4120,98
4121,17/49
4122,91/34
4123,706
4124,629
4125,53/84
4126,14/80
4127,841
4128,380
4129,84/61
4130,40
4131,31
4132,58/97
4133,30
4134,943
4135,007
4136,448
4137,699
4138,34/89
4139,17/04
4140,577
4141,727
4142,08/83
4143,442
4144,92/62
4145,295
4146,83
4147,94
4148,77/74
4149,38/81
4150,16
4151,22
4152,06
4153,03
4154,707
4155,22
4156,99
4157,95/25
4158,500
4159,540
4160,32/13
4161,49
4162,288
4163,588
4164,858
4165,126
4166,61/00
4167,38
4168,89
4169,84/18
4170,03/98
4171,31/71
4172,854
4173,28/93
4174,80/80
4175,60
4176,21
4177,766
4178,597
4179,90/85
4180,779
4181,485
4182,705
4183,098
4184,19
4185,28/59
4186,223
4187,97
4188,52
4189,78/94
4190,438
4191,808
4192,824
4193,189
4194,704
4195,230
4196,977
4197,33
4198,88
4199,46/26
4200,04/07
4201,55/67
4202,487
4203,648
4204,36
4205,22/79
4206,338
4207,79/98
4208,205
4209,30
4210,619
4211,84/32
4212,69
4213,78
4214,436
4215,840
4216,92/67
4217,072
4218,70
4219,63
4220,82/32
4221,297
4222,41/25
4223,985
4224,42/27
4225,66/36
4226,59/92
4227,37/30
4228,16/31
4229,47
4230,44
4231,312
4232,04/05
4233,82
4234,638
4235,08/64
4236,28
4237,73/33
4238,45
4239,021
4240,97/76
4241,009
4242,799
4243,61
4244,38
4245,82
4246,96
4247,661
4248,36
4249,87/94
4250,10/79
4251,552
4252,048
4253,79/77
4254,54
4255,090
4256,39
4257,871
4258,62/43
4259,31/13
4260,42
4261,58/47
4262,75/16
4263,13
4264,348
4265,394
4266,686
4267,07
4268,06/56
4269,45
4270,02/73
4271,364
4272,93
4273,89
4274,13/63
4275,16
4276,61/65
4277,36
4278,51/87
4279,04/68
4280,45/16
4281,85/96
4282,09/79
4283,586
4284,43
4285,95
4286,226
4287,26
4288,43
4289,28
4290,595
4291,55/81
4292,652
4293,950
4294,30/14
4295,37/08
4296,42
4297,21/50
4298,64/88
4299,73
4300,820
4301,90
4302,51/11
4303,95/84
4304,207
4305,16
4306,54
4307,222
4308,993
4309,623
4310,673
4311,454
4312,636
4313,95
4314,23
4315,10/22
4316,06/51
4317,506
4318,464
4319,84/63
4320,98/03
4321,695
4322,267
4323,962
4324,33
4325,32
4326,61/62
4327,32/69
4328,36/55
4329,08/52
4330,206
4331,939
4332,06/09
4333,34/34
4334,87
4335,827
4336,93/08
4337,372
4338,120
4339,23/83
4340,55/28
4341,750
4342,161
4343,51/54
4344,552
4345,776
4346,815
4347,551
4348,68/02
4349,00
4350,462
4351,89/90
4352,30/00
4353,527
4354,642
4355,50/03
4356,51
4357,81
4358,816
4359,56
4360,191
4361,205
4362,789
4363,08
4364,700
4365,53
4366,058
4367,74
4368,99/09
4369,92/74
4370,13
4371,467
4372,13/91
4373,404
4374,16/35
4375,52/80
4376,08/03
4377,18/57
4378,34/10
4379,421
4380,14
4381,929
4382,10/38
4383,953
4384,61
4385,326
4386,826
4387,53/77
4388,390
4389,500
4390,67
4391,499
4392,67/54
4393,80
4394,183
4395,56
4396,95
4397,72/77
4398,57/94
4399,68
4400,928
4401,366
4402,59/37
4403,895
4404,81/56
4405,733
4406,07/21
4407,53
4408,75
4409,74/57
4410,50/62
4411,93/96
4412,35
4413,43/95
4414,88
4415,14/51
4416,50
4417,74
4418,721
4419,474
4420,87
4421,38/07
4422,63/85
4423,54
4424,90
4425,493
4426,021
4427,83/33
4428,556
4429,16/04
4430,011
4431,66
4432,60/05
4433,96/68
4434,245
4435,822
4436,17
4437,57/56
4438,48/17
4439,41/95
4440,82
4441,85
4442,55
4443,39/63
4444,597
4445,81/33
4446,51/45
4447,064
4448,331
4449,524
4450,37/45
4451,464
4452,65
4453,88/88
4454,02/90
4455,410
4456,26
4457,437
4458,69
4459,373
4460,334
4461,68/71
4462,628
4463,04/43
4464,390
4465,31/97
4466,26
4467,133
4468,338
4469,75/54
4470,721
4471,67/36
4472,26/68
4473,02
4474,808
4475,19/93
4476,36
4477,24
4478,20
4479,60/55
4480,28/59
4481,28/47
4482,30/24
4483,80/68
4484,031
4485,55/15
4486,438
4487,555
4488,23
4489,12/49
4490,35
4491,79/94
4492,428
4493,89/90
4494,49/97
4495,554
4496,38/98
4497,47/69
4498,21
4499,66/34
4500,855
4501,35
4502,078
4503,01
4504,88
4505,658
4506,14
4507,532
4508,35/55
4509,087
4510,85
4511,118
4512,68
4513,969
4514,47
4515,278
4516,11
4517,48
4518,589
4519,13
4520,033
4521,17/55
4522,90/62
4523,63
4524,401
4525,22/02
4526,78/32
4527,36
4528,57
4529,31
4530,17/93
4531,00
4532,391
4533,540
4534,017
4535,06/94
4536,98
4537,17
4538,84/12
4539,03/88
4540,752
4541,40
4542,161
4543,32
4544,66/58
4545,94
4546,41
4547,36
4548,34
4549,102
4550,08
4551,902
4552,48
4553,15
4554,08
4555,01
4556,98
4557,86
4558,786
4559,78
4560,33
4561,283
4562,46
4563,567
4564,75/78
4565,44
4566,61
4567,08/60
4568,66
4569,94/82
4570,173
4571,35
4572,03/72
4573,26
4574,510
4575,919
4576,49/32
4577,958
4578,34/05
4579,997
4580,18/27
4581,368
4582,13
4583,967
4584,368
4585,61/90
4586,66
4587,06/55
4588,00/68
4589,198
4590,01
4591,86/13
4592,78/82
4593,99/69
4594,677
4595,50/12
4596,740
4597,52
4598,40/71
4599,71
4600,97/30
4601,74
4602,91/40
4603,706
4604,834
4605,13/65
4606,090
4607,07/83
4608,49/19
4609,08
4610,66
4611,593
4612,82
4613,95
4614,583
4615,070
4616,25
4617,338
4618,91/60
4619,04
4620,302
4621,41
4622,74/32
4623,95
4624,20
4625,054
4626,61/05
4627,517
4628,13
4629,37
4630,455
4631,85/42
4632,01/88
4633,808
4634,46/89
4635,79/41
4636,683
4637,87/31
4638,76/39
4639,799
4640,10
4641,153
4642,50
4643,89
4644,01
4645,673
4646,68/16
4647,813
4648,87
4649,79
4650,099
4651,176
4652,327
4653,515
4654,15/50
4655,65/91
4656,66/90
4657,426
4658,20
4659,733
4660,412
4661,24
4662,30/98
4663,52
4664,451
4665,67/94
4666,003
4667,080
4668,654
4669,198
4670,83
4671,41
4672,806
4673,527
4674,97
4675,48
4676,671
4677,24
4678,217
4679,78
4680,26
4681,404
4682,578
4683,864
4684,588
4685,16
4686,80
4687,702
4688,635
4689,26
4690,16/93
4691,84/19
4692,584
4693,739
4694,090
4695,86
4696,79/51
4697,462
4698,25
4699,34
4700,12/73
4701,013
4702,59
4703,21
4704,30/50
4705,501
4706,523
4707,249
4708,614
4709,770
4710,997
4711,10/07
4712,827
4713,30
4714,293
4715,81
4716,48/20
4717,49
4718,77
4719,048
4720,96
4721,440
4722,82/10
4723,10
4724,19
4725,56/81
4726,364
4727,070
4728,62/67
4729,866
4730,273
4731,876
4732,15/98
4733,56
4734,24/99
4735,978
4736,963
4737,240
4738,65/69
4739,70/52
4740,20/57
4741,105
4742,564
4743,30/79
4744,95
4745,38
4746,861
4747,526
4748,10
4749,51/99
4750,83
4751,94/32
4752,39/03
4753,510
4754,91/38
4755,493
4756,08
4757,74
4758,91
4759,232
4760,345
4761,93
4762,431
4763,01/99
4764,74
4765,491
4766,015
4767,877
4768,387
4769,43
4770,16/68
4771,81/34
4772,824
4773,31
4774,26/60
4775,171
4776,34/82
4777,92
4778,11
4779,25/23
4780,59
4781,34
4782,532
4783,83/12
4784,573
4785,72
4786,81
4787,858
4788,66
4789,084
4790,60
4791,72
4792,36/23
4793,58/24
4794,147
4795,202
4796,318
4797,42
4798,86
4799,88
4800,934
4801,69/77
4802,52
4803,07/81
4804,750
4805,00/40
4806,84
4807,75/38
4808,24/31
4809,12
4810,28
4811,482
4812,39
4813,84
4814,90
4815,41
4816,38
4817,987
4818,04/06
4819,07
4820,91
4821,562
4822,85
4823,79/97
4824,21/66
4825,36
4826,73/81
4827,29
4828,58
4829,68
4830,89/77
4831,335
4832,926
4833,96
4834,10/38
4835,01/15
4836,20
4837,329
4838,21
4839,61/29
4840,93/94
4841,79
4842,78
4843,45
4844,15/42
4845,274
4846,111
4847,97
4848,421
4849,20/35
4850,80
4851,578
4852,405
4853,31/18
4854,92/93
4855,92/73
4856,32
4857,52
4858,13/25
4859,63
4860,335
4861,53
4862,634
4863,36/12
4864,90
4865,590
4866,466
4867,785
4868,07
4869,17
4870,95
4871,93/92
4872,22
4873,89
4874,06/61
4875,53/72
4876,82
4877,341
4878,004
4879,04
4880,64
4881,24/59
4882,32
4883,42
4884,113
4885,59/15
4886,35/37
4887,66
4888,43
4889,77/19
4890,49/41
4891,58
4892,14/61
4893,45
4894,55
4895,00
4896,76
4897,92
4898,88/23
4899,529
4900,23/17
4901,959
4902,11
4903,25
4904,98
4905,881
4906,582
4907,16/40
4908,301
4909,26/02
4910,487
4911,531
4912,02/14
4913,94
4914,774
4915,78/02
4916,51
4917,20
4918,75/09
4919,65/12
4920,02
4921,22/51
4922,424
4923,73
4924,591
4925,12/38
4926,47
4927,305
4928,22/97
4929,70
4930,63/91
4931,46/62
4932,05
4933,43/76
4934,77/53
4935,61
4936,58/46
4937,76/59
4938,94
4939,87
4940,697
4941,32/65
4942,310
4943,61/90
4944,306
4945,68/68
4946,41
4947,828
4948,44/27
4949,875
4950,19/03
4951,457
4952,21
4953,192
4954,66
4955,88/73
4956,50
4957,82
4958,37/53
4959,58/12
4960,47
4961,00
4962,275
4963,88
4964,437
4965,480
4966,90
4967,577
4968,057
4969,36
4970,45
4971,074
4972,904
4973,92/70
4974,05/14
4975,45/07
4976,53/76
4977,20
4978,84/21
4979,65/39
4980,56
4981,98/37
4982,62
4983,465
4984,25
4985,96/90
4986,63/52
4987,099
4988,35/52
4989,419
4990,63/30
4991,512
4992,84
4993,61/24
4994,82/98
4995,52/20
4996,51/09
4997,30
4998,37
4999,688
5000,39/52
5001,786
5002,938
5003,68/90
5004,87
5005,775
5006,56/16
5007,69
5008,75/94
5009,142
5010,382
5011,52
5012,74/88
5013,19/87
5014,219
5015,13/70
5016,12
5017,74
5018,81
5019,497
5020,43/11
5021,494
5022,498
5023,49/48
5024,86/33
5025,67
5026,58/59
5027,13
5028,00/60
5029,06
5030,15
5031,048
5032,922
5033,72
5034,82/97
5035,50
5036,89/94
5037,74/30
5038,23/78
5039,89/03
5040,82/53
5041,161
5042,74
5043,066
5044,825
5045,235
5046,80/34
5047,05
5048,975
5049,28/18
5050,30
5051,93
5052,635
5053,634
5054,356
5055,93
5056,01
5057,41
5058,00/95
5059,38/90
5060,06
5061,188
5062,56/55
5063,78
5064,36/83
5065,145
5066,86
5067,19
5068,31
5069,82
5070,375
5071,29
5072,88
5073,14/11
5074,152
5075,52
5076,516
5077,81/03
5078,67
5079,46/72
5080,880
5081,873
5082,38/29
5083,076
5084,01
5085,44
5086,987
5087,171
5088,35
5089,38
5090,25/48
5091,057
5092,062
5093,61/14
5094,40/49
5095,34
5096,33/67
5097,30/99
5098,10
5099,35
5100,382
5101,693
5102,050
5103,674
5104,05/73
5105,59/41
5106,41
5107,848
5108,29
5109,601
5110,97
5111,00
5112,27/67
5113,11/73
5114,809
5115,60/18
5116,708
5117,76
5118,121
5119,535
5120,68
5121,51/46
5122,739
5123,615
5124,31
5125,52/96
5126,734
5127,66/52
5128,35/54
5129,746
5130,625
5131,240
5132,00
5133,409
5134,52
5135,06
5136,374
5137,443
5138,92/70
5139,96
5140,02
5141,18
5142,746
5143,194
5144,64/65
5145,67/63
5146,902
5147,35/92
5148,68
5149,059
5150,29/27
5151,748
5152,579
5153,772
5154,01
5155,389
5156,84/53
5157,730
5158,69/60
5159,33/96
5160,984
5161,84/66
5162,57/58
5163,56/69
5164,45
5165,29
5166,380
5167,35
5168,41
5169,85
5170,959
5171,74
5172,12/62
5173,13/03
5174,724
5175,68/09
5176,48
5177,79/09
5178,49/23
5179,820
5180,68
5181,217
5182,68
5183,65/47
5184,585
5185,23
5186,38/52
5187,42
5188,060
5189,66
5190,077
5191,66/50
5192,94
5193,84
5194,96
5195,083
5196,814
5197,82/67
5198,35/73
5199,63/37
5200,02
5201,07
5202,44/22
5203,969
5204,49/81
5205,129
5206,119
5207,702
5208,00
5209,28/20
5210,92/57
5211,080
5212,94
5213,01
5214,414
5215,96
5216,25
5217,99
5218,70
5219,83
5220,865
5221,11/89
5222,38
5223,57
5224,63/86
5225,360
5226,02/93
5227,98/08
5228,609
5229,75
5230,659
5231,662
5232,212
5233,344
5234,78/78
5235,255
5236,75
5237,64/34
5238,02/13
5239,538
5240,437
5241,259
5242,89/13
5243,97
5244,891
5245,94
5246,64
5247,413
5248,86/15
5249,89/39
5250,203
5251,46/52
5252,78/61
5253,98/12
5254,770
5255,14/71
5256,04/13
5257,75
5258,409
5259,954
5260,63
5261,84/33
5262,307
5263,975
5264,10/33
5265,353
5266,62
5267,10
5268,74/30
5269,90/60
5270,037
5271,708
5272,91/29
5273,67/96
5274,291
5275,78
5276,41
5277,166
5278,47/85
5279,01/41
5280,70
5281,36
5282,00
5283,69
5284,00/49
5285,27
5286,95
5287,955
5288,21/90
5289,959
5290,95
5291,66
5292,74
5293,73/37
5294,37/92
5295,812
5296,891
5297,434
5298,39/88
5299,545
5300,517
5301,05/40
5302,30/83
5303,77
5304,14/13
5305,22/29
5306,07/72
5307,67/05
5308,59
5309,70
5310,67/21
5311,672
5312,02
5313,241
5314,67/92
5315,92
5316,193
5317,37
5318,62
5319,59/26
5320,84
5321,55
5322,55
5323,69/41
5324,574
5325,117
5326,41/83
5327,90/03
5328,16/77
5329,627
5330,028
5331,924
5332,45/40
5333,41/96
5334,674
5335,116
5336,33
5337,29
5338,601
5339,15/19
5340,516
5341,485
5342,823
5343,66
5344,921
5345,00/87
5346,465
5347,531
5348,31
5349,42/17
5350,91/10
5351,482
5352,68
5353,228
5354,17/20
5355,422
5356,842
5357,75/15
5358,03/04
5359,651
5360,38
5361,84
5362,60/23
5363,69
5364,922
5365,28
5366,156
5367,137
5368,81/48
5369,54/16
5370,82
5371,04/16
5372,53
5373,15
5374,437
5375,458
5376,801
5377,28
5378,13/61
5379,850
5380,48/62
5381,46
5382,30/30
5383,23
5384,274
5385,44/18
5386,563
5387,30/56
5388,30
5389,66/32
5390,58
5391,96/13
5392,92
5393,99
5394,46
5395,08
5396,358
5397,986
5398,19/98
5399,42
5400,37
5401,48
5402,766
5403,95
5404,073
5405,91/27
5406,57/52
5407,581
5408,01
5409,08
5410,05/06
5411,42/85
5412,23
5413,87/73
5414,79/01
5415,957
5416,146
5417,71
5418,46
5419,07
5420,69/04
5421,46
5422,627
5423,920
5424,35
5425,166
5426,91
5427,727
5428,00
5429,19
5430,514
5431,57
5432,89
5433,73/14
5434,58/77
5435,77/97
5436,75/64
5437,821
5438,09/44
5439,030
5440,831
5441,08/45
5442,49/42
5443,86
5444,614
5445,97/98
5446,666
5447,887
5448,53
5449,006
5450,38
5451,81/11
5452,05
5453,40
5454,35
5455,43/32
5456,964
5457,43/76
5458,06
5459,02
5460,17
5461,784
5462,64/45
5463,28/69
5464,59
5465,716
5466,70
5467,59/69
5468,22/52
5469,51
5470,16/14
5471,145
5472,058
5473,833
5474,16/94
5475,167
5476,576
5477,51
5478,81/55
5479,888
5480,80/60
5481,08
5482,489
5483,89/41
5484,186
5485,56/82
5486,018
5487,415
5488,43/07
5489,004
5490,63
5491,639
5492,40/71
5493,14/17
5494,37/28
5495,62
5496,52
5497,74/57
5498,73
5499,78
5500,95
5501,87
5502,718
5503,92/15
5504,793
5505,57/06
5506,948
5507,977
5508,13
5509,29
5510,603
5511,03
5512,15/45
5513,97/70
5514,244
5515,83
5516,64/35
5517,37/36
5518,40/17
5519,79/04
5520,74/10
5521,08/56
5522,78/86
5523,447
5524,873
5525,98
5526,773
5527,258
5528,13/86
5529,210
5530,20
5531,98/44
5532,126
5533,36/21
5534,48/62
5535,45
5536,994
5537,75/89
5538,26
5539,43
5540,32/67
5541,26
5542,82
5543,53/68
5544,22
5545,396
5546,49
5547,065
5548,113
5549,047
5550,87
5551,83
5552,28
5553,74
5554,913
5555,09
5556,078
5557,800
5558,44/64
5559,263
5560,648
5561,830
5562,01/93
5563,61/90
5564,55
5565,586
5566,19/10
5567,96/43
5568,504
5569,578
5570,901
5571,519
5572,53/07
5573,76/88
5574,62
5575,86/87
5576,228
5577,93
5578,00
5579,877
5580,63/37
5581,05
5582,55/66
5583,01
5584,35
5585,44/10
5586,41/39
5587,77
5588,793
5589,68
5590,89
5591,286
5592,899
5593,86
5594,772
5595,09/50
5596,432
5597,56/97
5598,724
5599,17
5600,33
5601,623
5602,597
5603,35
5604,813
5605,03
5606,45/27
5607,33/17
5608,82
5609,35
5610,59
5611,06
5612,126
5613,28
5614,09
5615,94/86
5616,67
5617,536
5618,58
5619,32
5620,20
5621,302
5622,83
5623,16
5624,14/34
5625,231
5626,09/87
5627,58
5628,992
5629,32
5630,505
5631,27
5632,53
5633,43
5634,46
5635,74
5636,43
5637,72
5638,54/45
5639,45/29
5640,72/98
5641,318
5642,10
5643,97
5644,686
5645,96/04
5646,13
5647,572
5648,965
5649,35/37
5650,95
5651,35
5652,83/37
5653,47
5654,985
5655,11/91
5656,934
5657,635
5658,647
5659,596
5660,594
5661,71
5662,71/32
5663,49
5664,58/52
5665,76/47
5666,260
5667,09/69
5668,16/09
5669,26
5670,31/15
5671,97
5672,04/28
5673,984
5674,00
5675,09/28
5676,08/04
5677,35
5678,199
5679,26
5680,756
5681,699
5682,47
5683,659
5684,41/76
5685,587
5686,28
5687,484
5688,94/77
5689,584
5690,95/87
5691,43/09
5692,37
5693,858
5694,79
5695,48
5696,04/78
5697,917
5698,991
5699,33/44
5700,98/63
5701,308
5702,98
5703,86/06
5704,46
5705,93
5706,953
5707,25/68
5708,968
5709,50
5710,903
5711,43/29
5712,967
5713,43/13
5714,712
5715,90/25
5716,44
5717,07
5718,36
5719,22/82
5720,785
5721,042
5722,02/55
5723,38
5724,259
5725,73
5726,03
5727,53/63
5728,88
5729,34
5730,88
5731,98/88
5732,578
5733,684
5734,53
5735,44/27
5736,83/81
5737,262
5738,74
5739,524
5740,06/87
5741,580
5742,203
5743,053
5744,00
5745,20/71
5746,62/16
5747,075
5748,923
5749,27
5750,58
5751,246
5752,53/61
5753,479
5754,001
5755,76
5756,70
5757,606
5758,85
5759,11
5760,18
5761,09/43
5762,759
5763,76
5764,00
5765,60
5766,128
5767,047
5768,80/27
5769,55/51
5770,491
5771,628
5772,654
5773,686
5774,72
5775,54
5776,74/37
5777,05/43
5778,52/14
5779,78/55
5780,360
5781,09/57
5782,05/51
5783,093
5784,688
5785,19
5786,15
5787,190
5788,81/38
5789,05/68
5790,17
5791,53
5792,937
5793,44/83
5794,239
5795,255
5796,37/21
5797,994
5798,91
5799,150
5800,46/87
5801,921
5802,11/86
5803,133
5804,02
5805,14/10
5806,589
5807,33
5808,78
5809,794
5810,10
5811,37/09
5812,34/87
5813,05/03
5814,64
5815,58/29
5816,78/67
5817,82/18
5818,004
5819,16/38
5820,21/77
5821,395
5822,67
5823,58/59
5824,34/92
5825,596
5826,979
5827,11/46
5828,57
5829,01/99
5830,125
5831,22/77
5832,20
5833,239
5834,205
5835,15
5836,12/15
5837,60/72
5838,72
5839,85/66
5840,65
5841,999
5842,39
5843,997
5844,50
5845,99/98
5846,53/43
5847,891
5848,05
5849,279
5850,903
5851,27
5852,430
5853,071
5854,60/29
5855,63
5856,39
5857,082
5858,77/06
5859,07
5860,66/10
5861,66/69
5862,14/36
5863,261
5864,47/35
5865,30/53
5866,195
5867,45
5868,407
5869,630
5870,647
5871,94
5872,62/84
5873,88
5874,20/49
5875,14
5876,73/61
5877,48/51
5878,79
5879,896
5880,659
5881,95
5882,848
5883,32/94
5884,33
5885,203
5886,56/24
5887,646
5888,69/07
5889,92
5890,650
5891,007
5892,50
5893,239
5894,88/91
5895,739
5896,15
5897,93
5898,41
5899,78
5900,40/15
5901,18/58
5902,76
5903,43
5904,839
5905,40/27
5906,79
5907,498
5908,13/41
5909,22/16
5910,78/39
5911,53/20
5912,586
5913,23
5914,202
5915,66
5916,61
5917,45/80
5918,64
5919,314
5920,85
5921,321
5922,20
5923,045
5924,28
5925,302
5926,87
5927,338
5928,96
5929,38/86
5930,23/69
5931,594
5932,69
5933,98/16
5934,17/09
5935,43
5936,52/59
5937,42
5938,51/25
5939,224
5940,10/71
5941,53/68
5942,43/50
5943,47
5944,432
5945,70
5946,12/74
5947,31
5948,44/71
5949,065
5950,05
5951,52/37
5952,283
5953,614
5954,877
5955,39/15
5956,18/21
5957,36/51
5958,37
5959,746
5960,04/57
5961,36
5962,71/51
5963,71/99
5964,07/23
5965,48
5966,12
5967,809
5968,61
5969,27/87
5970,103
5971,470
5972,583
5973,85/76
5974,21
5975,479
5976,53/35
5977,45/96
5978,38/35
5979,073
5980,66/43
5981,00/91
5982,74
5983,98/79
5984,597
5985,900
5986,68/00
5987,944
5988,15
5989,65/14
5990,620
5991,61/24
5992,91
5993,300
5994,15/82
5995,77
5996,55
5997,462
5998,13/14
5999,43
6000,581
6001,71
6002,45/61
6003,137
6004,91/55
6005,04/49
6006,47
6007,25/91
6008,12
6009,74
6010,032
6011,149
6012,45
6013,41
6014,413
6015,58/47
6016,98
6017,91/97
6018,579
6019,34/19
6020,03/71
6021,354
6022,37/14
6023,75/04
6024,156
6025,069
6026,70/68
6027,97/32
6028,67/68
6029,420
6030,42/69
6031,015
6032,03
6033,49
6034,58
6035,72
6036,29/78
6037,88
6038,069
6039,255
6040,19/07
6041,49/57
6042,92/10
6043,63
6044,79/92
6045,14
6046,981
6047,99
6048,41
6049,464
6050,102
6051,912
6052,45
6053,51/85
6054,201
6055,66
6056,344
6057,791
6058,002
6059,96
6060,546
6061,307
6062,141
6063,64
6064,912
6065,03
6066,29
6067,62
6068,24
6069,812
6070,12/29
6071,35
6072,35/19
6073,15/98
6074,37/57
6075,70
6076,56
6077,31/79
6078,216
6079,56/70
6080,62/74
6081,53/07
6082,72/27
6083,478
6084,59/36
6085,60/97
6086,61
6087,66/21
6088,99
6089,44/93
6090,19
6091,00/17
6092,520
6093,27/66
6094,603
6095,79/83
6096,182
6097,43
6098,769
6099,344
6100,69
6101,174
6102,76/80
6103,36
6104,351
6105,04
6106,22/56
6107,315
6108,01/55
6109,75
6110,51
6111,707
6112,60
6113,61/37
6114,318
6115,806
6116,57
6117,65/08
6118,81/04
6119,99
6120,057
6121,302
6122,22
6123,755
6124,91/40
6125,57
6126,235
6127,88/82
6128,01
6129,049
6130,844
6131,583
6132,96/27
6133,44
6134,25/59
6135,61
6136,03
6137,35/79
6138,03/36
6139,12/75
6140,033
6141,418
6142,823
6143,264
6144,041
6145,02
6146,01/07
6147,61/06
6148,953
6149,67/50
6150,67
6151,73
6152,735
6153,48/77
6154,54/56
6155,14
6156,73
6157,63/62
6158,91/85
6159,44
6160,29/26
6161,960
6162,78
6163,67/04
6164,84/55
6165,635
6166,25
6167,171
6168,00
6169,42/93
6170,375
6171,03/43
6172,036
6173,980
6174,060
6175,64/62
6176,76/81
6177,141
6178,03/93
6179,850
6180,48/07
6181,79/39
6182,18/97
6183,229
6184,23/77
6185,201
6186,818
6187,14/70
6188,995
6189,37
6190,09/76
6191,24
6192,55
6193,56/34
6194,08
6195,81/03
6196,65
6197,91/93
6198,677
6199,846
6200,37/54
6201,04/74
6202,909
6203,12
6204,102
6205,75
6206,87/86
6207,701
6208,98
6209,13/22
6210,77
6211,245
6212,78/67
6213,43/64
6214,05/76
6215,072
6216,48
6217,33/70
6218,673
6219,84
6220,561
6221,24
6222,53
6223,72
6224,82/87
6225,28/14
6226,32/29
6227,77
6228,78
6229,03/17
6230,56/28
6231,14
6232,09/76
6233,457
6234,008
6235,478
6236,06
6237,154
6238,81
6239,625
6240,68/67
6241,89
6242,24
6243,44/64
6244,98
6245,19/58
6246,92
6247,16/12
6248,839
6249,97
6250,695
6251,503
6252,84
6253,40
6254,413
6255,78/17
6256,47
6257,64/01
6258,353
6259,86
6260,05/66
6261,004
6262,90
6263,11/43
6264,799
6265,07
6266,228
6267,975
6268,79
6269,71
6270,32
6271,73/60
6272,74/67
6273,06
6274,087
6275,95/43
6276,821
6277,96
6278,29/00
6279,805
6280,991
6281,61
6282,67/59
6283,17
6284,64
6285,693
6286,643
6287,41/99
6288,56
6289,65
6290,75
6291,069
6292,79/41
6293,53/63
6294,53/41
6295,83
6296,29/45
6297,395
6298,85
6299,99
6300,90
6301,94/83
6302,317
6303,79/16
6304,616
6305,63
6306,58
6307,720
6308,091
6309,80/89
6310,74
6311,15
6312,55/38
6313,42/24
6314,36
6315,05
6316,819
6317,00/69
6318,83
6319,35/29
6320,07
6321,28
6322,504
6323,67
6324,57
6325,613
6326,320
6327,58
6328,559
6329,63/30
6330,46/47
6331,32
6332,745
6333,19
6334,43/04
6335,783
6336,14/44
6337,63
6338,366
6339,36
6340,347
6341,50
6342,616
6343,87/89
6344,254
6345,22
6346,69/95
6347,578
6348,21/02
6349,42
6350,814
6351,79
6352,278
6353,476
6354,50
6355,403
6356,25/78
6357,13/27
6358,736
6359,16
6360,08
6361,148
6362,08
6363,87/02
6364,14/12
6365,58
6366,48
6367,769
6368,40/77
6369,95
6370,578
6371,08
6372,29/65
6373,71
6374,954
6375,531
6376,36/60
6377,453
6378,91
6379,71/89
6380,936
6381,85
6382,09
6383,066
6384,56/67
6385,50
6386,451
6387,39
6388,57
6389,42/19
6390,94
6391,79/07
6392,536
6393,856
6394,11/20
6395,63
6396,21/94
6397,85/97
6398,217
6399,77
6400,56
6401,53
6402,84/79
6403,45/83
6404,06
6405,31
6406,88/64
6407,303
6408,214
6409,34
6410,55/49
6411,47
6412,16
6413,48/89
6414,45
6415,89/22
6416,42
6417,31
6418,42
6419,38
6420,68
6421,27/47
6422,075
6423,764
6424,85/71
6425,235
6426,26
6427,054
6428,406
6429,89
6430,77
6431,194
6432,014
6433,55/45
6434,71
6435,105
6436,447
6437,684
6438,582
6439,09/18
6440,85/35
6441,05/25
6442,42/78
6443,363
6444,49/77
6445,87
6446,797
6447,51/74
6448,10
6449,94
6450,64
6451,90
6452,02
6453,86/22
6454,84/19
6455,64
6456,990
6457,974
6458,37
6459,849
6460,54/19
6461,929
6462,16
6463,24/92
6464,421
6465,792
6466,73
6467,73
6468,63
6469,45/79
6470,05/38
6471,93/27
6472,91/88
6473,79
6474,666
6475,741
6476,06/91
6477,75/09
6478,85
6479,32/50
6480,871
6481,50/63
6482,06
6483,03/32
6484,94/75
6485,90/54
6486,65/75
6487,73
6488,34/03
6489,210
6490,18
6491,35/63
6492,152
6493,722
6494,87
6495,140
6496,06
6497,19
6498,721
6499,95
6500,38/49
6501,44
6502,46/34
6503,274
6504,600
6505,51/94
6506,47
6507,32
6508,77
6509,685
6510,69/36
6511,854
6512,20
6513,861
6514,13
6515,522
6516,662
6517,28/57
6518,68/05
6519,99
6520,93
6521,30
6522,04/33
6523,447
6524,20/40
6525,87/94
6526,03/21
6527,79
6528,83/87
6529,29
6530,24
6531,02
6532,257
6533,032
6534,65
6535,20/73
6536,36/55
6537,26
6538,21
6539,00
6540,602
6541,95/20
6542,665
6543,821
6544,149
6545,95
6546,969
6547,07
6548,71
6549,436
6550,06
6551,11
6552,16/92
6553,39/74
6554,76
6555,57/82
6556,72/74
6557,92/62
6558,68/80
6559,98
6560,498
6561,425
6562,46/42
6563,425
6564,33/81
6565,12
6566,12
6567,07
6568,228
6569,05/03
6570,454
6571,662
6572,188
6573,068
6574,85/64
6575,20
6576,038
6577,19
6578,81/64
6579,54
6580,194
6581,41/23
6582,75/80
6583,27/04
6584,723
6585,14/02
6586,85/73
6587,55/75
6588,99/29
6589,964
6590,24/88
6591,01
6592,90/44
6593,32
6594,444
6595,60
6596,32
6597,878
6598,41
6599,38/08
6600,57
6601,94/63
6602,918
6603,25
6604,62
6605,16/76
6606,81/77
6607,73
6608,700
6609,32
6610,46/89
6611,935
6612,430
6613,287
6614,83/13
6615,42/08
6616,604
6617,81/12
6618,18
6619,27/34
6620,861
6621,935
6622,029
6623,48
6624,12/47
6625,11/29
6626,813
6627,008
6628,91/92
6629,37
6630,08
6631,19/28
6632,535
6633,65
6634,003
6635,79/95
6636,895
6637,779
6638,36
6639,141
6640,98
6641,55/11
6642,98
6643,754
6644,15
6645,42/09
6646,20/12
6647,45/21
6648,44
6649,27/28
6650,14/66
6651,677
6652,64/06
6653,65
6654,85
6655,19
6656,224
6657,48/18
6658,41
6659,91/09
6660,564
6661,095
6662,51
6663,12
6664,67
6665,468
6666,32/24
6667,40
6668,95
6669,92/10
6670,404
6671,11/00
6672,921
6673,05
6674,17/57
6675,729
6676,38/57
6677,44/84
6678,75/66
6679,513
6680,60
6681,243
6682,58/44
6683,61
6684,11
6685,894
6686,59
6687,26
6688,19
6689,95/65
6690,83
6691,42/92
6692,15
6693,011
6694,78
6695,647
6696,335
6697,915
6698,71/11
6699,73/30
6700,39/74
6701,38/91
6702,72
6703,47
6704,53/73
6705,973
6706,688
6707,22
6708,66/95
6709,23/69
6710,429
6711,74/01
6712,19/12
6713,009
6714,641
6715,75
6716,85
6717,53
6718,14/33
6719,589
6720,38
6721,315
6722,77
6723,012
6724,49
6725,91
6726,96/91
6727,975
6728,954
6729,89/90
6730,045
6731,68
6732,650
6733,575
6734,14
6735,782
6736,00/53
6737,55/15
6738,730
6739,51
6740,91
6741,161
6742,72
6743,893
6744,35
6745,995
6746,97/34
6747,942
6748,756
6749,395
6750,667
6751,006
6752,15/99
6753,030
6754,90
6755,65/45
6756,30
6757,506
6758,38/63
6759,73/63
6760,90/93
6761,22
6762,69
6763,61
6764,324
6765,501
6766,966
6767,45
6768,21
6769,37/24
6770,10/87
6771,106
6772,43
6773,399
6774,62/95
6775,79
6776,68
6777,45/46
6778,43
6779,66
6780,94
6781,549
6782,38
6783,44
6784,921
6785,515
6786,92
6787,045
6788,19/33
6789,23
6790,35/04
6791,128
6792,50
6793,96/56
6794,41/27
6795,452
6796,81
6797,21
6798,62/10
6799,50
6800,14
6801,906
6802,57/17
6803,84
6804,88
6805,209
6806,185
6807,33/35
6808,87
6809,32/83
6810,485
6811,48
6812,52
6813,09
6814,61/77
6815,823
6816,53/84
6817,44/31
6818,16
6819,80/26
6820,34
6821,12/33
6822,30
6823,828
6824,74/85
6825,37/90
6826,79
6827,21
6828,95
6829,14/09
6830,90
6831,709
6832,38
6833,65/17
6834,81
6835,31
6836,445
6837,09
6838,182
6839,049
6840,65
6841,38/57
6842,77/65
6843,12
6844,32/79
6845,98/65
6846,38
6847,22/31
6848,013
6849,981
6850,12
6851,24
6852,293
6853,81
6854,44/86
6855,84/53
6856,85/67
6857,045
6858,38
6859,79
6860,23/08
6861,52
6862,092
6863,84/97
6864,78/56
6865,32/26
6866,968
6867,54
6868,41
6869,36/06
6870,851
6871,15/86
6872,85/64
6873,565
6874,72
6875,876
6876,47
6877,72
6878,15/47
6879,35
6880,97/18
6881,94/83
6882,63/46
6883,98/03
6884,955
6885,981
6886,46/29
6887,46/58
6888,427
6889,89/03
6890,807
6891,53
6892,88/84
6893,46/65
6894,47
6895,28
6896,67/54
6897,582
6898,01
6899,608
6900,91
6901,172
6902,714
6903,82
6904,40
6905,63
6906,530
6907,48/23
6908,18/36
6909,02/62
6910,02/09
6911,966
6912,18
6913,86
6914,407
6915,17/01
6916,19/14
6917,369
6918,176
6919,349
6920,305
6921,23/32
6922,60
6923,717
6924,49/43
6925,79
6926,19
6927,54
6928,79
6929,94
6930,09/40
6931,72
6932,68
6933,988
6934,80
6935,435
6936,796
6937,234
6938,189
6939,16/61
6940,43/00
6941,08
6942,67/92
6943,93
6944,10
6945,48/78
6946,93/23
6947,02
6948,34/46
6949,98
6950,00/45
6951,365
6952,37
6953,32
6954,68/22
6955,24/99
6956,37/79
6957,49
6958,85/15
6959,55
6960,95/76
6961,31/82
6962,86/39
6963,89
6964,66
6965,72/33
6966,49
6967,71
6968,346
6969,585
6970,41
6971,691
6972,92
6973,61
6974,95/00
6975,597
6976,39/41
6977,037
6978,62/24
6979,95/18
6980,114
6981,11
6982,428
6983,86
6984,10/75
6985,19
6986,80
6987,96/44
6988,318
6989,59
6990,18/47
6991,20
6992,89/08
6993,79/55
6994,69
6995,26
6996,510
6997,767
6998,935
6999,98/51
7000,034
7001,024
7002,56
7003,52
7004,827
7005,66/38
7006,263
7007,20
7008,58/39
7009,943
7010,08
7011,852
7012,368
7013,522
7014,31/98
7015,39
7016,87/36
7017,38
7018,92/76
7019,28
7020,43/15
7021,276
7022,529
7023,83
7024,51
7025,302
7026,76/35
7027,72/40
7028,37/68
7029,563
7030,529
7031,10/54
7032,779
7033,25/80
7034,248
7035,22
7036,00/97
7037,64
7038,10/38
7039,99/15
7040,091
7041,82
7042,774
7043,38
7044,28
7045,25
7046,547
7047,64
7048,53
7049,99
7050,911
7051,32
7052,99/35
7053,92
7054,28
7055,50
7056,687
7057,957
7058,99
7059,68/09
7060,535
7061,393
7062,68
7063,10
7064,456
7065,19/77
7066,80/60
7067,120
7068,006
7069,10
7070,486
7071,709
7072,65
7073,73/24
7074,396
7075,12/00
7076,85
7077,63/65
7078,68
7079,94/75
7080,78/82
7081,33
7082,896
7083,726
7084,63
7085,79/24
7086,217
7087,652
7088,38
7089,81/26
7090,687
7091,97/04
7092,88
7093,219
7094,87/10
7095,67
7096,19
7097,05
7098,13/87
7099,021
7100,296
7101,39/06
7102,90/35
7103,55
7104,66/82
7105,08
7106,014
7107,81/87
7108,81/42
7109,64
7110,885
7111,600
7112,65
7113,16/38
7114,38
7115,40
7116,05/50
7117,41/23
7118,47/99
7119,64/36
7120,900
7121,60
7122,68
7123,53/04
7124,178
7125,914
7126,109
7127,192
7128,55
7129,71
7130,83/38
7131,96
7132,60/12
7133,49/44
7134,06
7135,43
7136,18
7137,53
7138,598
7139,548
7140,79
7141,55
7142,69
7143,10/32
7144,73
7145,60
7146,75/68
7147,35/84
7148,596
7149,33/82
7150,75
7151,83/43
7152,59
7153,94/17
7154,224
7155,766
7156,96/11
7157,441
7158,47
7159,24
7160,275
7161,080
7162,97/25
7163,082
7164,65
7165,22
7166,318
7167,550
7168,09/90
7169,381
7170,452
7171,93/51
7172,62/52
7173,064
7174,42/07
7175,10/68
7176,095
7177,605
7178,09
7179,701
7180,41/53
7181,14
7182,244
7183,53
7184,43
7185,59/49
7186,723
7187,743
7188,894
7189,33
7190,71
7191,44/66
7192,431
7193,677
7194,15/96
7195,138
7196,48
7197,85/92
7198,36
7199,43
7200,85/22
7201,75
7202,79/85
7203,18
7204,62/04
7205,04/25
7206,91/29
7207,44
7208,07/18
7209,63
7210,55
7211,41/44
7212,707
7213,03/82
7214,91/30
7215,182
7216,25
7217,044
7218,76
7219,909
7220,65/90
7221,85/83
7222,51
7223,48
7224,92
7225,82/32
7226,64
7227,23/33
7228,68/37
7229,88/66
7230,726
7231,870
7232,71
7233,673
7234,851
7235,272
7236,76/33
7237,141
7238,60/07
7239,35
7240,08
7241,540
7242,28/58
7243,95
7244,894
7245,61/90
7246,632
7247,95
7248,77
7249,96
7250,515
7251,78/01
7252,12/96
7253,837
7254,094
7255,75
7256,25
7257,61
7258,69/72
7259,34
7260,393
7261,696
7262,69/90
7263,541
7264,06
7265,33
7266,073
7267,054
7268,98
7269,202
7270,878
7271,81
7272,53
7273,21/67
7274,68
7275,800
7276,47
7277,98
7278,01
7279,600
7280,03/28
7281,458
7282,21/78
7283,369
7284,03
7285,823
7286,42
7287,442
7288,20/42
7289,50
7290,73
7291,545
7292,64/51
7293,18/64
7294,01
7295,03
7296,12/38
7297,696
7298,11/48
7299,79
7300,15
7301,36/89
7302,85/44
7303,80/57
7304,74
7305,36/21
7306,28
7307,71
7308,883
7309,27/78
7310,03/95
7311,28/83
7312,54/89
7313,768
7314,98/22
7315,61/67
7316,66/65
7317,29
7318,51/03
7319,96
7320,57
7321,72
7322,57/11
7323,242
7324,223
7325,90/18
7326,763
7327,52
7328,217
7329,89/56
7330,55/02
7331,99
7332,17
7333,95
7334,58/50
7335,04/11
7336,50
7337,77/14
7338,85
7339,49/28
7340,38/09
7341,28
7342,204
7343,930
7344,878
7345,24/45
7346,483
7347,202
7348,94
7349,91/59
7350,17/36
7351,63
7352,95/87
7353,31
7354,16
7355,08
7356,36/09
7357,26
7358,468
7359,849
7360,40
7361,27/72
7362,594
7363,81
7364,07/99
7365,557
7366,167
7367,41/21
7368,68
7369,14
7370,76
7371,20
7372,20/54
7373,79/30
7374,40
7375,29/95
7376,24/76
7377,67/50
7378,09
7379,11
7380,49
7381,96
7382,36/51
7383,10/44
7384,31
7385,001
7386,926
7387,837
7388,10
7389,10
7390,25
7391,254
7392,438
7393,166
7394,02
7395,45
7396,20/98
7397,14/81
7398,392
7399,01
7400,904
7401,73
7402,51/75
7403,932
7404,29
7405,80/80
7406,650
7407,28
7408,96/82
7409,645
7410,444
7411,111
7412,406
7413,84
7414,23
7415,850
7416,97
7417,535
7418,23/46
7419,02
7420,93
7421,353
7422,82
7423,83/61
7424,05/56
7425,75/72
7426,915
7427,473
7428,32
7429,724
7430,56
7431,253
7432,687
7433,42
7434,07/17
7435,49/13
7436,281
7437,29/03
7438,38
7439,29/10
7440,682
7441,75
7442,88
7443,45/86
7444,53
7445,32/34
7446,543
7447,44
7448,063
7449,75/56
7450,31/02
7451,75/43
7452,97
7453,893
7454,635
7455,901
7456,52/31
7457,73
7458,158
7459,42/81
7460,44/40
7461,30
7462,631
7463,656
7464,235
7465,231
7466,75
7467,42/00
7468,83/81
7469,49
7470,744
7471,21
7472,59
7473,48
7474,19
7475,147
7476,354
7477,29/24
7478,976
7479,54/71
7480,775
7481,672
7482,76
7483,33
7484,63/57
7485,843
7486,818
7487,14
7488,52/45
7489,65/02
7490,11/51
7491,91/02
7492,80
7493,34
7494,07
7495,043
7496,769
7497,03
7498,80/62
7499,39
7500,81/78
7501,016
7502,65/47
7503,23
7504,06/18
7505,45/71
7506,14/70
7507,004
7508,37
7509,14/92
7510,70/64
7511,48
7512,32
7513,15/33
7514,86/65
7515,09
7516,680
7517,68/33
7518,68
7519,428
7520,96
7521,47
7522,18/81
7523,47
7524,05
7525,95/96
7526,81
7527,71/87
7528,448
7529,403
7530,632
7531,55
7532,76/00
7533,54
7534,56/00
7535,120
7536,805
7537,671
7538,91/61
7539,477
7540,602
7541,615
7542,65/00
7543,01/57
7544,526
7545,565
7546,417
7547,25/20
7548,610
7549,56/24
7550,00/93
7551,033
7552,037
7553,12/14
7554,27
7555,68/55
7556,713
7557,244
7558,39
7559,58
7560,765
7561,866
7562,01/15
7563,15/92
7564,778
7565,96/65
7566,667
7567,97/90
7568,96
7569,677
7570,05
7571,41/54
7572,234
7573,07/78
7574,62
7575,01/55
7576,12/03
7577,677
7578,81
7579,24/82
7580,756
7581,14
7582,08/28
7583,506
7584,440
7585,27
7586,19/81
7587,88
7588,88/55
7589,42/37
7590,463
7591,06/96
7592,75/96
7593,40/98
7594,422
7595,563
7596,74
7597,097
7598,22
7599,75/54
7600,548
7601,54/34
7602,89
7603,678
7604,96
7605,048
7606,730
7607,69/03
7608,745
7609,055
7610,66
7611,40/38
7612,20
7613,744
7614,350
7615,83/96
7616,678
7617,91
7618,26
7619,22/15
7620,019
7621,128
7622,71/05
7623,356
7624,926
7625,13/17
7626,671
7627,97/33
7628,06
7629,09
7630,50/00
7631,167
7632,92
7633,49/13
7634,713
7635,44/56
7636,93/99
7637,47/62
7638,553
7639,13
7640,25/18
7641,67/72
7642,70/54
7643,19/40
7644,65/44
7645,87/38
7646,189
7647,68/26
7648,63/25
7649,709
7650,16
7651,932
7652,92
7653,42
7654,15
7655,80/97
7656,626
7657,81
7658,47/55
7659,720
7660,729
7661,394
7662,50
7663,51
7664,37
7665,44
7666,064
7667,734
7668,62
7669,07/13
7670,349
7671,783
7672,04
7673,41/71
7674,453
7675,06
7676,082
7677,30
7678,44/19
7679,403
7680,31/42
7681,493
7682,85/73
7683,478
7684,587
7685,28
7686,89
7687,17/49
7688,28/17
7689,06
7690,27/95
7691,59
7692,32/75
7693,709
7694,846
7695,10/40
7696,40/72
7697,74
7698,98
7699,462
7700,49
7701,54
7702,47
7703,53
7704,58/31
7705,24/11
7706,684
7707,324
7708,045
7709,26
7710,12/89
7711,96/02
7712,05
7713,32
7714,22
7715,87/27
7716,36/53
7717,03
7718,33
7719,29
7720,369
7721,27/39
7722,28/20
7723,12
7724,51
7725,18
7726,74/30
7727,87
7728,59/52
7729,33
7730,76
7731,66/38
7732,92
7733,63
7734,00/50
7735,522
7736,635
7737,33
7738,106
7739,480
7740,17/21
7741,08
7742,10/17
7743,112
7744,60/88
7745,87
7746,362
7747,877
7748,150
7749,693
7750,11
7751,96
7752,99
7753,520
7754,266
7755,90
7756,91/59
7757,67/80
7758,47
7759,58/42
7760,401
7761,18
7762,47/25
7763,398
7764,08
7765,25
7766,33
7767,858
7768,19
7769,054
7770,68/27
7771,20
7772,177
7773,15/59
7774,832
7775,87
7776,53/14
7777,76
7778,43/26
7779,43
7780,51/63
7781,30/26
7782,35/05
7783,42
7784,052
7785,99/02
7786,26
7787,96
7788,223
7789,40/26
7790,57
7791,92
7792,42
7793,065
7794,84
7795,375
7796,249
7797,33
7798,197
7799,51/72
7800,51
7801,144
7802,541
7803,596
7804,81/31
7805,28
7806,448
7807,44/65
7808,18/34
7809,04
7810,61
7811,94/36
7812,323
7813,309
7814,73
7815,79
7816,05/00
7817,152
7818,87
7819,80
7820,79
7821,72/12
7822,199
7823,05/49
7824,77
7825,392
7826,25
7827,76/13
7828,85
7829,76/27
7830,186
7831,67/79
7832,039
7833,90
7834,48
7835,073
7836,98/79
7837,742
7838,58/60
7839,704
7840,64/12
7841,680
7842,93/60
7843,00
7844,62/36
7845,20/88
7846,51
7847,367
7848,52/76
7849,88
7850,86
7851,154
7852,148
7853,47/36
7854,24/11
7855,24/15
7856,22
7857,02/15
7858,80/97
7859,295
7860,62/17
7861,32
7862,41
7863,008
7864,039
7865,68
7866,25
7867,143
7868,348
7869,74
7870,36/80
7871,615
7872,09/32
7873,67/40
7874,47
7875,02/78
7876,21
7877,29/21
7878,27
7879,437
7880,753
7881,90
7882,42
7883,57
7884,189
7885,22
7886,668
7887,66/01
7888,38
7889,178
7890,575
7891,41
7892,69
7893,60/42
7894,171
7895,43/12
7896,77
7897,13
7898,19/37
7899,779
7900,72
7901,28
7902,630
7903,42/67
7904,955
7905,760
7906,98
7907,75/05
7908,71/81
7909,58
7910,34/84
7911,49/96
7912,348
7913,32/74
7914,604
7915,46/38
7916,40/25
7917,24
7918,951
7919,54/33
7920,70
7921,712
7922,86
7923,668
7924,25
7925,41/95
7926,11
7927,81
7928,61/65
7929,400
7930,987
7931,80
7932,30/70
7933,853
7934,47/50
7935,47/51
7936,19
7937,90/76
7938,293
7939,289
7940,337
7941,30
7942,961
7943,99/43
7944,757
7945,11/02
7946,99/08
7947,354
7948,31/35
7949,80/46
7950,321
7951,69/59
7952,34
7953,68
7954,890
7955,84
7956,15/17
7957,374
7958,83
7959,28/75
7960,33
7961,14/42
7962,149
7963,99
7964,974
7965,54
7966,67
7967,37/36
7968,65
7969,886
7970,780
7971,20
7972,090
7973,92/00
7974,233
7975,47/87
7976,596
7977,082
7978,667
7979,77/25
7980,86
7981,37
7982,962
7983,423
7984,02/76
7985,86
7986,43/39
7987,49/67
7988,26/69
7989,81/97
7990,72
7991,73
7992,80/84
7993,82
7994,936
7995,32/60
7996,765
7997,01
7998,855
7999,143
8000,076
8001,366
8002,129
8003,148
8004,77/03
8005,51/40
8006,92
8007,34/81
8008,06
8009,252
8010,32/32
8011,99
8012,41/51
8013,85/12
8014,648
8015,15/16
8016,197
8017,24
8018,33
8019,903
8020,13
8021,434
8022,44
8023,42/27
8024,98/06
8025,72/10
8026,33
8027,86
8028,050
8029,444
8030,42
8031,803
8032,486
8033,70
8034,98
8035,17/95
8036,05
8037,64/01
8038,14/80
8039,45/15
8040,10/94
8041,22
8042,510
8043,674
8044,75
8045,27/79
8046,39/39
8047,23/10
8048,562
8049,10
8050,69/23
8051,783
8052,139
8053,56/51
8054,20/97
8055,74/51
8056,607
8057,30/73
8058,34
8059,40
8060,998
8061,83
8062,65
8063,776
8064,164
8065,69
8066,19
8067,43/02
8068,53
8069,08/04
8070,45/04
8071,793
8072,00
8073,68
8074,165
8075,72
8076,789
8077,944
8078,38/47
8079,00
8080,03/91
8081,390
8082,06/59
8083,549
8084,86/47
8085,824
8086,029
8087,71
8088,82/66
8089,82/65
8090,78
8091,38
8092,42/37
8093,726
8094,86/99
8095,606
8096,887
8097,864
8098,26
8099,39/55
8100,872
8101,47
8102,70/12
8103,219
8104,42
8105,27/44
8106,77/29
8107,90/23
8108,551
8109,961
8110,137
8111,98/92
8112,17
8113,88
8114,723
8115,800
8116,56/87
8117,81
8118,48/99
8119,62
8120,36
8121,80/01
8122,53/24
8123,03/11
8124,959
8125,460
8126,295
8127,271
8128,792
8129,72/46
8130,948
8131,60
8132,52/88
8133,17/88
8134,08/62
8135,82/26
8136,206
8137,327
8138,64
8139,90
8140,96/07
8141,45/73
8142,73
8143,183
8144,106
8145,538
8146,537
8147,13
8148,82
8149,41
8150,426
8151,44/15
8152,93
8153,07/52
8154,049
8155,56/84
8156,58
8157,294
8158,05/56
8159,80
8160,344
8161,12/67
8162,48/69
8163,00/35
8164,96
8165,303
8166,94/79
8167,34/04
8168,53
8169,754
8170,04
8171,921
8172,075
8173,05/31
8174,100
8175,506
8176,50/76
8177,74
8178,674
8179,75
8180,41
8181,137
8182,035
8183,77
8184,90
8185,14/20
8186,66/73
8187,74/29
8188,35
8189,32
8190,85/44
8191,95
8192,81/61
8193,15/75
8194,33/39
8195,82
8196,25/31
8197,203
8198,82/78
8199,72
8200,56/42
8201,33
8202,348
8203,133
8204,435
8205,87
8206,62/66
8207,97/95
8208,087
8209,760
8210,29
8211,888
8212,576
8213,34/83
8214,43
8215,226
8216,36/77
8217,32
8218,725
8219,98/79
8220,41
8221,52
8222,628
8223,20
8224,555
8225,234
8226,13/84
8227,32
8228,34/79
8229,473
8230,128
8231,53
8232,39/49
8233,68/55
8234,353
8235,93/19
8236,27/54
8237,04/09
8238,75/83
8239,97
8240,651
8241,05/60
8242,60
8243,790
8244,05
8245,46/17
8246,40/96
8247,60/28
8248,847
8249,45/39
8250,51
8251,73
8252,86
8253,80/78
8254,094
8255,18
8256,03/62
8257,65/49
8258,393
8259,43
8260,90/64
8261,420
8262,310
8263,14/91
8264,498
8265,40/39
8266,550
8267,37
8268,04
8269,09
8270,405
8271,978
8272,74/01
8273,43
8274,73/34
8275,183
8276,97/50
8277,606
8278,57/94
8279,674
8280,703
8281,63
8282,555
8283,464
8284,574
8285,20/70
8286,75/54
8287,377
8288,23
8289,09
8290,212
8291,527
8292,52/90
8293,05/93
8294,77/28
8295,33
8296,033
8297,381
8298,53/91
8299,233
8300,048
8301,480
8302,55
8303,602
8304,02/86
8305,43
8306,318
8307,89
8308,95
8309,88
8310,84/26
8311,539
8312,20
8313,02
8314,77
8315,91
8316,085
8317,516
8318,268
8319,82/30
8320,173
8321,035
8322,31
8323,471
8324,74
8325,30
8326,560
8327,15
8328,41
8329,01/36
8330,96/42
8331,764
8332,60
8333,90
8334,680
8335,05
8336,351
8337,09
8338,95/42
8339,109
8340,54
8341,40
8342,70
8343,81/03
8344,51
8345,01/79
8346,63/98
8347,792
8348,58/94
8349,74/37
8350,02/26
8351,827
8352,03/44
8353,241
8354,64/03
8355,24
8356,33/55
8357,22
8358,50
8359,48/90
8360,25/55
8361,473
8362,276
8363,17/11
8364,40/61
8365,40
8366,832
8367,68
8368,29
8369,49
8370,636
8371,27/33
8372,93
8373,42/23
8374,263
8375,78
8376,737
8377,141
8378,837
8379,96/53
8380,14/92
8381,48/08
8382,363
8383,36
8384,01/46
8385,543
8386,251
8387,38/01
8388,25/39
8389,147
8390,75
8391,418
8392,39/86
8393,08/47
8394,929
8395,925
8396,80
8397,20/06
8398,59
8399,25
8400,41/28
8401,44/58
8402,12/99
8403,03
8404,003
8405,12/02
8406,68/12
8407,39/72
8408,09
8409,372
8410,88/75
8411,586
8412,054
8413,08
8414,34
8415,350
8416,27/18
8417,63
8418,03
8419,37/14
8420,117
8421,76/86
8422,174
8423,044
8424,07/68
8425,61
8426,126
8427,11/62
8428,06/16
8429,82/05
8430,225
8431,458
8432,089
8433,917
8434,44/28
8435,41
8436,57
8437,31
8438,975
8439,72/19
8440,134
8441,135
8442,93
8443,37/39
8444,37
8445,17/19
8446,31
8447,50/51
8448,30
8449,80/06
8450,17/71
8451,79
8452,347
8453,29
8454,066
8455,352
8456,98
8457,20
8458,34/93
8459,643
8460,04/27
8461,99
8462,72/93
8463,97/87
8464,943
8465,15
8466,913
8467,500
8468,268
8469,83/96
8470,87/30
8471,38/47
8472,066
8473,84/48
8474,47
8475,692
8476,10/56
8477,99
8478,401
8479,97
8480,76
8481,22/62
8482,91
8483,740
8484,82/94
8485,96/64
8486,97/86
8487,278
8488,291
8489,35
8490,29
8491,011
8492,23
8493,593
8494,19
8495,53
8496,45/15
8497,85
8498,379
8499,23/32
8500,32
8501,19
8502,933
8503,65/57
8504,78/31
8505,30/43
8506,047
8507,87/88
8508,508
8509,42
8510,28
8511,653
8512,47/41
8513,42/80
8514,07
8515,36/42
8516,85
8517,17/84
8518,92
8519,22/20
8520,674
8521,915
8522,97
8523,58
8524,673
8525,29/98
8526,590
8527,140
8528,51/53
8529,730
8530,11/76
8531,351
8532,32
8533,543
8534,176
8535,900
8536,24
8537,85/97
8538,88/40
8539,83
8540,91
8541,93/58
8542,334
8543,55
8544,249
8545,460
8546,00/95
8547,976
8548,31/83
8549,133
8550,011
8551,80
8552,71/30
8553,42/92
8554,778
8555,74
8556,90/17
8557,249
8558,34
8559,45
8560,79/59
8561,331
8562,24
8563,36
8564,12
8565,98
8566,53/75
8567,64
8568,725
8569,20
8570,69
8571,45/41
8572,31/18
8573,156
8574,484
8575,768
8576,75/78
8577,42
8578,70
8579,35
8580,545
8581,22
8582,833
8583,82/22
8584,43/62
8585,87
8586,61
8587,531
8588,985
8589,081
8590,71
8591,66/84
8592,72
8593,57
8594,13/49
8595,55/34
8596,83/95
8597,570
8598,56
8599,29
8600,16/38
8601,77
8602,29/81
8603,96/29
8604,09/54
8605,92
8606,47
8607,46/62
8608,335
8609,51
8610,63/39
8611,31/35
8612,36/31
8613,379
8614,03/99
8615,502
8616,981
8617,215
8618,30/67
8619,23/95
8620,46/59
8621,81
8622,85
8623,522
8624,134
8625,21
8626,543
8627,411
8628,628
8629,82/32
8630,61/01
8631,01/80
8632,97/62
8633,58
8634,93/25
8635,72
8636,74/80
8637,32
8638,71/99
8639,41/86
8640,15/89
8641,13
8642,78/61
8643,118
8644,576
8645,556
8646,572
8647,12/30
8648,88
8649,95/53
8650,93
8651,899
8652,37/93
8653,18/25
8654,49
8655,028
8656,34/74
8657,80/70
8658,64
8659,78
8660,815
8661,784
8662,804
8663,28/58
8664,95/94
8665,50
8666,22
8667,878
8668,390
8669,54
8670,02
8671,13
8672,72
8673,43/45
8674,221
8675,34
8676,371
8677,54
8678,604
8679,27
8680,445
8681,96
8682,327
8683,467
8684,22/62
8685,532
8686,812
8687,091
8688,964
8689,16
8690,239
8691,27
8692,42
8693,363
8694,59
8695,46/73
8696,43/46
8697,486
8698,81/63
8699,84/66
8700,510
8701,78/33
8702,08/46
8703,662
8704,50
8705,869
8706,95/95
8707,19
8708,24
8709,62/06
8710,03
8711,74
8712,07
8713,140
8714,48/29
8715,187
8716,13/08
8717,07/39
8718,28/47
8719,089
8720,88
8721,547
8722,01/58
8723,83
8724,232
8725,329
8726,21/89
8727,02/41
8728,714
8729,10
8730,58/79
8731,02
8732,71/96
8733,81
8734,72/50
8735,016
8736,37/15
8737,15/01
8738,72
8739,81
8740,98/56
8741,37
8742,70/62
8743,520
8744,417
8745,80
8746,502
8747,865
8748,66
8749,60
8750,923
8751,06
8752,448
8753,768
8754,08/21
8755,85
8756,292
8757,38
8758,65
8759,39/33
8760,791
8761,67
8762,92
8763,844
8764,237
8765,112
8766,260
8767,43
8768,33
8769,91/09
8770,02
8771,86
8772,26
8773,99
8774,091
8775,45
8776,22
8777,23/44
8778,053
8779,155
8780,86/40
8781,98
8782,80
8783,45/98
8784,837
8785,73/37
8786,75
8787,33
8788,77
8789,17
8790,726
8791,424
8792,99/39
8793,02
8794,83/06
8795,49
8796,81
8797,15/00
8798,81
8799,91
8800,72/69
8801,82
8802,38
8803,464
8804,11
8805,09/04
8806,41
8807,875
8808,436
8809,26/89
8810,74/38
8811,352
8812,269
8813,374
8814,56/46
8815,01/63
8816,71
8817,580
8818,705
8819,718
8820,54/73
8821,43/28
8822,79/66
8823,324
8824,27
8825,25/45
8826,46/61
8827,40/33
8828,77/07
8829,10
8830,77
8831,73
8832,63/87
8833,83/39
8834,697
8835,77
8836,875
8837,20/82
8838,89/86
8839,21
8840,71
8841,87/91
8842,652
8843,06/98
8844,554
8845,46/10
8846,67
8847,18/49
8848,74
8849,06
8850,68/03
8851,999
8852,08/40
8853,78/55
8854,60/21
8855,33
8856,51/21
8857,33/93
8858,51/59
8859,01/84
8860,07
8861,20/13
8862,37
8863,53
8864,737
8865,197
8866,03/82
8867,193
8868,29
8869,972
8870,47/68
8871,97/17
8872,55/37
8873,46/05
8874,173
8875,63
8876,492
8877,26
8878,24/09
8879,048
8880,66/06
8881,712
8882,51/42
8883,14/88
8884,17/18
8885,32
8886,97/27
8887,68/64
8888,957
8889,326
8890,37/74
8891,153
8892,464
8893,87
8894,572
8895,449
8896,679
8897,15/59
8898,533
8899,80
8900,847
8901,764
8902,52/33
8903,95/22
8904,96/56
8905,595
8906,929
8907,858
8908,46
8909,82/00
8910,482
8911,05/11
8912,00
8913,32/31
8914,622
8915,86
8916,977
8917,49/33
8918,529
8919,05
8920,29
8921,729
8922,13/06
8923,06
8924,205
8925,45
8926,193
8927,814
8928,61
8929,50
8930,09
8931,63
8932,814
8933,94/64
8934,928
8935,565
8936,558
8937,21
8938,352
8939,650
8940,56/47
8941,20
8942,51/44
8943,899
8944,165
8945,27/12
8946,73
8947,87
8948,02/83
8949,303
8950,04
8951,678
8952,89/03
8953,110
8954,49
8955,99
8956,92/41
8957,71/71
8958,37/41
8959,51/84
8960,743
8961,23
8962,48
8963,65/32
8964,41
8965,683
8966,95
8967,51/16
8968,238
8969,443
8970,140
8971,381
8972,106
8973,612
8974,18
8975,449
8976,546
8977,391
8978,943
8979,02/94
8980,33
8981,331
8982,09
8983,22
8984,12
8985,09
8986,112
8987,11/62
8988,954
8989,40
8990,442
8991,623
8992,07
8993,05
8994,26/20
8995,60
8996,90
8997,99/50
8998,54/15
8999,18/46
9000,512
9001,258
9002,23/74
9003,298
9004,97
9005,51/41
9006,42/57
9007,73
9008,00/53
9009,28/77
9010,481
9011,157
9012,78
9013,18
9014,625
9015,01
9016,24
9017,43
9018,52
9019,72
9020,866
9021,79
9022,45/45
9023,927
9024,278
9025,518
9026,93
9027,43
9028,255
9029,326
9030,70
9031,71
9032,00
9033,681
9034,38
9035,82/57
9036,91/92
9037,464
9038,75/38
9039,75
9040,502
9041,82/74
9042,591
9043,10/09
9044,74/69
9045,62/43
9046,60/85
9047,82
9048,93
9049,60/26
9050,103
9051,41/70
9052,86/78
9053,77/70
9054,49/80
9055,37/29
9056,50/32
9057,00
9058,13
9059,89
9060,413
9061,17/05
9062,77
9063,20/44
9064,78/53
9065,73
9066,451
9067,32/60
9068,29/65
9069,321
9070,932
9071,52
9072,72/51
9073,80/44
9074,540
9075,67
9076,574
9077,80
9078,88
9079,055
9080,58/38
9081,34
9082,07
9083,74
9084,20/07
9085,171
9086,494
9087,86
9088,076
9089,40/45
9090,47/38
9091,27/86
9092,279
9093,91
9094,90
9095,52/05
9096,45
9097,214
9098,28
9099,42
9100,88/75
9101,87/07
9102,707
9103,96
9104,35/86
9105,70/18
9106,200
9107,01
9108,48/86
9109,66/56
9110,72
9111,53
9112,88/26
9113,17/50
9114,436
9115,07/05
9116,919
9117,60
9118,79/47
9119,30/45
9120,62/84
9121,13/94
9122,70
9123,176
9124,136
9125,218
9126,84
9127,53
9128,85
9129,00
9130,193
9131,684
9132,704
9133,02/75
9134,984
9135,71
9136,05/51
9137,260
9138,218
9139,03
9140,571
9141,83/37
9142,70
9143,88
9144,405
9145,559
9146,552
9147,50
9148,85/31
9149,11
9150,973
9151,78
9152,518
9153,01
9154,48
9155,11/27
9156,85
9157,62/36
9158,010
9159,10
9160,377
9161,34/13
9162,60/46
9163,90
9164,09/96
9165,69/60
9166,020
9167,40/70
9168,528
9169,30
9170,92
9171,905
9172,90/72
9173,058
9174,93/91
9175,739
9176,571
9177,88
9178,830
9179,67/58
9180,61
9181,015
9182,00
9183,10
9184,85/66
9185,50/31
9186,95
9187,039
9188,79
9189,61
9190,37
9191,50/74
9192,48/49
9193,87/02
9194,495
9195,05
9196,88/90
9197,22/08
9198,41/40
9199,51/33
9200,24
9201,72
9202,91
9203,26/59
9204,16
9205,98/26
9206,69
9207,234
9208,85/78
9209,03/53
9210,72/53
9211,28
9212,000
9213,163
9214,97
9215,064
9216,337
9217,837
9218,52
9219,24
9220,93/35
9221,78/33
9222,029
9223,98/19
9224,592
9225,97
9226,94
9227,368
9228,623
9229,554
9230,788
9231,176
9232,48
9233,52
9234,188
9235,53
9236,80/84
9237,57/27
9238,07/08
9239,54
9240,706
9241,44/92
9242,93/98
9243,423
9244,25
9245,11/46
9246,083
9247,93/39
9248,977
9249,48/63
9250,110
9251,03
9252,551
9253,55/66
9254,58
9255,06/12
9256,98/66
9257,856
9258,58
9259,68/16
9260,63/56
9261,064
9262,13
9263,48/27
9264,11
9265,59
9266,159
9267,64/66
9268,01/26
9269,452
9270,62/53
9271,73/89
9272,465
9273,18/17
9274,09/58
9275,17/46
9276,06
9277,65/36
9278,556
9279,13
9280,55
9281,80/54
9282,240
9283,65/73
9284,45
9285,60/30
9286,09/43
9287,28
9288,64
9289,670
9290,144
9291,769
9292,40/66
9293,936
9294,63/20
9295,35
9296,81/80
9297,43
9298,75
9299,14
9300,80
9301,432
9302,13/37
9303,83
9304,37/58
9305,626
9306,16/00
9307,86
9308,54/79
9309,463
9310,449
9311,09/95
9312,396
9313,915
9314,931
9315,09/56
9316,404
9317,21
9318,62
9319,20/66
9320,23
9321,434
9322,854
9323,322
9324,57/08
9325,157
9326,63
9327,65
9328,77/98
9329,702
9330,624
9331,661
9332,381
9333,87
9334,538
9335,54/44
9336,156
9337,59
9338,25/10
9339,573
9340,51
9341,12
9342,554
9343,691
9344,472
9345,31
9346,58
9347,363
9348,08
9349,03/26
9350,345
9351,23
9352,37/43
9353,825
9354,12/46
9355,17/28
9356,90/50
9357,06
9358,26/67
9359,36/97
9360,61
9361,90
9362,47/61
9363,727
9364,878
9365,00
9366,95
9367,55
9368,38
9369,008
9370,13
9371,787
9372,110
9373,06
9374,56/14
9375,553
9376,32
9377,70/70
9378,78
9379,395
9380,90/40
9381,07
9382,248
9383,96
9384,592
9385,41/39
9386,15
9387,763
9388,20
9389,37/50
9390,195
9391,357
9392,65
9393,750
9394,201
9395,16/95
9396,745
9397,402
9398,52/65
9399,59
9400,03
9401,541
9402,94
9403,309
9404,30
9405,54
9406,991
9407,91
9408,78
9409,58
9410,898
9411,31/79
9412,64/80
9413,470
9414,55
9415,62/80
9416,492
9417,423
9418,72/47
9419,327
9420,79/10
9421,09/94
9422,71
9423,446
9424,665
9425,15
9426,668
9427,149
9428,055
9429,81
9430,33/88
9431,80/12
9432,44/07
9433,35
9434,35
9435,61/39
9436,74
9437,79
9438,844
9439,91
9440,30/16
9441,21/14
9442,997
9443,344
9444,97/31
9445,44
9446,863
9447,41/56
9448,35/17
9449,894
9450,162
9451,510
9452,519
9453,666
9454,012
9455,87/09
9456,807
9457,873
9458,29/77
9459,621
9460,62
9461,09/65
9462,96/62
9463,778
9464,80/09
9465,57/27
9466,983
9467,682
9468,850
9469,06/66
9470,77/50
9471,44/39
9472,20
9473,59
9474,73/42
9475,40
9476,21
9477,65
9478,57/34
9479,47
9480,093
9481,596
9482,210
9483,674
9484,06
9485,97
9486,83
9487,762
9488,40
9489,23
9490,69
9491,468
9492,84
9493,73
9494,96/06
9495,23
9496,63
9497,673
9498,53/62
9499,41/31
9500,271
9501,77/25
9502,43
9503,37/87
9504,84/51
9505,52/20
9506,77/40
9507,709
9508,971
9509,58
9510,91/37
9511,84
9512,50/58
9513,428
9514,52/89
9515,72
9516,85
9517,06
9518,42
9519,61
9520,81/96
9521,550
9522,38/52
9523,43/29
9524,98
9525,46
9526,468
9527,650
9528,64/60
9529,03
9530,11/11
9531,94
9532,64
9533,380
9534,77/98
9535,353
9536,38
9537,81
9538,59
9539,88/58
9540,69
9541,72
9542,914
9543,49/30
9544,223
9545,113
9546,307
9547,906
9548,80/87
9549,915
9550,604
9551,835
9552,672
9553,599
9554,56
9555,69/98
9556,636
9557,05
9558,78/39
9559,52
9560,183
9561,277
9562,74
9563,635
9564,06
9565,17
9566,121
9567,74
9568,29
9569,247
9570,44
9571,128
9572,28/80
9573,969
9574,64
9575,223
9576,769
9577,22
9578,29
9579,37
9580,736
9581,64/93
9582,333
9583,771
9584,81/28
9585,124
9586,983
9587,96/23
9588,47/29
9589,39/15
9590,15/93
9591,51
9592,314
9593,592
9594,021
9595,962
9596,37
9597,75/33
9598,929
9599,59
9600,995
9601,13
9602,10/65
9603,639
9604,70/09
9605,817
9606,84/70
9607,06
9608,01/71
9609,640
9610,39
9611,19/66
9612,42
9613,08/20
9614,91
9615,93
9616,678
9617,92/41
9618,49
9619,87/16
9620,77
9621,643
9622,655
9623,48/79
9624,29
9625,58/69
9626,12
9627,816
9628,38
9629,884
9630,50
9631,99
9632,09
9633,80
9634,47
9635,39
9636,382
9637,358
9638,256
9639,23
9640,320
9641,525
9642,39/52
9643,311
9644,37/21
9645,668
9646,33
9647,892
9648,05
9649,042
9650,683
9651,10
9652,65
9653,243
9654,248
9655,58/04
9656,671
9657,770
9658,71/77
9659,424
9660,55
9661,54
9662,997
9663,085
9664,31/62
9665,42/32
9666,94
9667,38
9668,22
9669,34
9670,774
9671,67
9672,931
9673,45
9674,71/45
9675,94
9676,90/58
9677,12/98
9678,042
9679,73/77
9680,62/78
9681,68
9682,50/49
9683,34/09
9684,96
9685,91
9686,061
9687,70/64
9688,04/39
9689,49
9690,20/84
9691,49/27
9692,127
9693,737
9694,54
9695,43
9696,14/66
9697,07/18
9698,52/09
9699,415
9700,440
9701,84
9702,05
9703,64/64
9704,773
9705,33/17
9706,25
9707,90/20
9708,079
9709,46
9710,90/52
9711,64
9712,08
9713,16
9714,51/97
9715,48
9716,02/35
9717,34/62
9718,64
9719,590
9720,99/21
9721,91
9722,10
9723,93/53
9724,22
9725,961
9726,64/00
9727,93/08
9728,19/36
9729,31/95
9730,06
9731,956
9732,527
9733,35
9734,24/55
9735,84/24
9736,125
9737,66/87
9738,484
9739,66/84
9740,86/36
9741,05
9742,09/96
9743,289
9744,74/95
9745,916
9746,935
9747,59/60
9748,38
9749,559
9750,96/92
9751,575
9752,746
9753,33
9754,16
9755,09
9756,045
9757,51
9758,82/23
9759,205
9760,79
9761,65
9762,623
9763,83/58
9764,538
9765,555
9766,612
9767,54/58
9768,645
9769,67
9770,69
9771,38
9772,787
9773,73/04
9774,77/14
9775,07
9776,13
9777,35/81
9778,52
9779,423
9780,31
9781,32
9782,19
9783,03
9784,37/73
9785,17
9786,06
9787,12
9788,26
9789,470
9790,21/34
9791,46
9792,123
9793,60
9794,05
9795,47/95
9796,70
9797,929
9798,788
9799,250
9800,565
9801,459
9802,42
9803,250
9804,97/34
9805,53
9806,49/87
9807,16
9808,25
9809,05
9810,84
9811,79
9812,26
9813,13/76
9814,022
9815,52/07
9816,72
9817,31
9818,79
9819,24/43
9820,81/54
9821,23
9822,90/34
9823,77/14
9824,21
9825,248
9826,62
9827,41/00
9828,88/10
9829,82/08
9830,153
9831,57/42
9832,17/56
9833,15/18
9834,51
9835,90
9836,23
9837,01
9838,298
9839,43
9840,85
9841,34
9842,965
9843,53
9844,12
9845,09
9846,06/32
9847,72
9848,956
9849,46
9850,257
9851,63/25
9852,21/61
9853,75/57
9854,55/50
9855,47/20
9856,96
9857,50/24
9858,754
9859,667
9860,36
9861,480
9862,07/65
9863,99/61
9864,81
9865,559
9866,24
9867,233
9868,073
9869,44/78
9870,619
9871,56/54
9872,78/54
9873,33/09
9874,65/15
9875,70
9876,14/50
9877,42
9878,71
9879,15/39
9880,66/18
9881,687
9882,83/99
9883,09/93
9884,504
9885,37
9886,557
9887,87/21
9888,12
9889,31/90
9890,59/86
9891,79/30
9892,40
9893,668
9894,83/19
9895,44/45
9896,08
9897,366
9898,937
9899,92
9900,122
9901,31/93
9902,64
9903,888
9904,58
9905,72/52
9906,599
9907,929
9908,67/66
9909,85
9910,57
9911,80/32
9912,19/56
9913,83/95
9914,58
9915,71
9916,584
9917,57
9918,675
9919,66
9920,59/55
9921,29/22
9922,78
9923,750
9924,829
9925,38/68
9926,661
9927,65/39
9928,103
9929,553
9930,84
9931,89/10
9932,222
9933,85/02
9934,27/42
9935,274
9936,211
9937,60/18
9938,75/28
9939,046
9940,27
9941,638
9942,70/42
9943,47/57
9944,28
9945,69
9946,756
9947,04
9948,63
9949,540
9950,612
9951,466
9952,00
9953,73/10
9954,71
9955,00
9956,722
9957,17/03
9958,36/12
9959,742
9960,30
9961,59/01
9962,068
9963,773
9964,17/47
9965,220
9966,595
9967,37
9968,472
9969,94/51
9970,45
9971,088
9972,067
9973,59/93
9974,80
9975,60/05
9976,757
9977,787
9978,096
9979,32
9980,094
9981,478
9982,14
9983,017
9984,97/51
9985,827
9986,336
9987,217
9988,528
9989,39
9990,61
9991,15
9992,74/10
9993,20
9994,73/78
9995,40
9996,81/41
9997,55
9998,22
9999,54
